#,Name,Team,K/9,BB/9,K/BB,HR/9,K%,BB%,K-BB%,AVG,WHIP,BABIP,LOB%,ERA-,FIP-,xFIP-,ERA,FIP,E-F,xFIP,SIERA
1,Austin Voth,2 Tms,2.7,5.4,0.5,2.7,5.40%,10.70%,-5.40%,0.38,2.5,0.364,62.50%,239,196,183,9.9,8.2,1.7,7.61,6.78
2,Lucas Giolito,SDP,5.46,6.98,0.78,1.21,13.00%,16.70%,-3.60%,0.281,1.85,0.304,73.40%,129,145,151,5.16,6.06,-0.9,6.34,6.5
3,Luis Curvelo,TEX,5.23,6.1,0.86,3.48,10.90%,12.70%,-1.80%,0.354,2.32,0.342,65.20%,234,216,173,9.58,9,0.58,7.18,6.32
4,Danny Coulombe,BOS,4.09,6.14,0.67,0.41,10.40%,15.60%,-5.20%,0.225,1.5,0.246,70.60%,105,120,148,4.5,4.96,-0.46,6.15,6.31
5,Hayden Juenger,2 Tms,3.38,4.5,0.75,0,7.40%,9.90%,-2.50%,0.333,2,0.364,51.50%,204,93,158,9,4.03,4.97,6.58,6.16
6,Sean Sullivan,COL,6.45,4.43,1.45,2.01,14.00%,9.60%,4.40%,0.34,2.01,0.367,63.40%,188,147,165,8.87,6.45,2.41,6.92,6.12
7,Max Kranick,WSN,5.4,6.38,0.85,1.96,11.70%,13.80%,-2.10%,0.338,2.18,0.354,62.10%,219,165,158,9.33,7.02,2.3,6.65,6.05
8,Mitch Bratt,ARI,6.14,5.52,1.11,1.02,15.50%,13.90%,1.50%,0.241,1.52,0.267,73.80%,112,125,143,4.7,5.12,-0.41,6,6.03
9,Philip Abner,ARI,3.77,5.02,0.75,1.26,9.40%,12.50%,-3.10%,0.25,1.53,0.25,62.50%,150,140,144,6.28,5.75,0.53,6.04,6.02
10,Connor Phillips,CIN,9.11,9.11,1,0.98,21.10%,21.10%,0.00%,0.206,1.77,0.254,71.10%,130,134,156,5.53,5.84,-0.31,6.56,6.01
11,Ethan Pecko,HOU,5.71,5.19,1.1,2.08,14.30%,13.00%,1.30%,0.242,1.5,0.235,74.80%,126,164,146,5.19,6.73,-1.54,6.08,5.95
12,Luis Morales,ATH,7.31,7.88,0.93,3.94,14.40%,15.60%,-1.10%,0.36,2.56,0.364,49.70%,301,228,158,13.5,9.97,3.53,6.54,5.94
13,Lazaro Estrada,TOR,6.23,6.92,0.9,1.38,15.80%,17.50%,-1.80%,0.174,1.38,0.171,61.70%,134,149,144,5.54,6.25,-0.71,5.99,5.94
14,Jose Quintana,COL,4.39,3.73,1.18,1.32,11.00%,9.40%,1.70%,0.276,1.51,0.285,65.90%,112,122,140,5.27,5.34,-0.07,5.9,5.91
15,Jose Franco,CIN,6.64,7.08,0.94,1.33,16.10%,17.20%,-1.10%,0.247,1.72,0.271,77.90%,104,135,144,4.43,5.9,-1.47,6.06,5.9
16,Luis Gil,NYY,5.06,5.06,1,2.53,12.60%,12.60%,0.00%,0.203,1.31,0.164,76.30%,142,185,149,5.91,7.88,-1.97,6.2,5.87
17,Brandon Williamson,CIN,6.48,5.94,1.09,1.35,15.80%,14.50%,1.30%,0.26,1.65,0.286,70.60%,139,134,144,5.94,5.86,0.08,6.03,5.87
18,Drew Pomeranz,2 Tms,5.28,4.97,1.06,2.17,12.60%,11.90%,0.70%,0.274,1.66,0.269,77.10%,135,168,156,5.59,6.92,-1.34,6.49,5.85
19,Mason Black,KCR,5.46,5.74,0.95,1.72,13.40%,14.10%,-0.70%,0.25,1.6,0.253,82.60%,101,155,149,4.31,6.48,-2.17,6.2,5.81
20,Matt Wilkinson,SFG,4.91,2.45,2,2.45,12.50%,6.30%,6.30%,0.267,1.36,0.25,48.60%,151,157,138,6.14,6.37,-0.23,5.8,5.78
21,Simeon Woods Richardson,2 Tms,5.45,5.05,1.08,1.5,13.20%,12.20%,1.00%,0.299,1.76,0.319,62.40%,160,141,141,6.68,5.82,0.86,5.85,5.76
22,Hunter Bigge,TBR,6.52,6.52,1,0.47,16.50%,16.50%,0.00%,0.197,1.45,0.232,41.40%,166,107,143,6.98,4.49,2.49,5.92,5.68
23,Xzavion Curry,NYM,5.89,3.93,1.5,1.47,15.40%,10.30%,5.10%,0.232,1.31,0.241,86.50%,84,129,152,3.44,5.39,-1.95,6.38,5.67
24,Joe Rock,CHW,10.45,9.58,1.09,0,22.60%,20.80%,1.90%,0.275,2.13,0.393,79.20%,84,108,152,3.48,4.55,-1.06,6.3,5.65
25,Luis García,2 Tms,3.6,3.6,1,1.2,8.10%,8.10%,0.00%,0.343,1.93,0.356,51.50%,217,132,149,9,5.43,3.57,6.21,5.65
26,Valente Bellozo,COL,6.75,5.91,1.14,4.22,16.70%,14.60%,2.10%,0.25,1.59,0.185,72.70%,161,227,149,7.59,9.94,-2.35,6.25,5.65
27,Jonah Tong,NYM,6.3,6.3,1,0.9,14.90%,14.90%,0.00%,0.2,1.5,0.219,66.20%,88,122,141,3.6,5.1,-1.5,5.91,5.63
28,Hurston Waldrep,ATL,7.59,8.44,0.9,2.53,16.10%,17.90%,-1.80%,0.295,2.16,0.313,72.10%,202,204,141,8.44,8.44,0,5.91,5.63
29,Jackson Kent,WSN,7.77,7.03,1.11,0.37,18.80%,17.00%,1.80%,0.237,1.68,0.296,63.10%,130,99,119,5.55,4.25,1.3,5.01,5.62
30,Carson Whisenhunt,SFG,6.75,5.45,1.24,1.3,15.90%,12.80%,3.00%,0.289,1.79,0.324,66.10%,160,133,134,6.49,5.37,1.12,5.63,5.61
31,Riley Cornelio,WSN,9.13,8.34,1.1,0.79,21.50%,19.60%,1.90%,0.233,1.81,0.295,55.00%,140,117,139,5.96,4.99,0.96,5.84,5.59
32,George Klassen,LAA,8,7,1.14,0.67,19.20%,16.80%,2.40%,0.223,1.63,0.273,75.80%,89,115,124,3.67,4.73,-1.06,5.16,5.59
33,Osvaldo Bido,2 Tms,5.3,4.82,1.1,1.45,13.60%,12.30%,1.20%,0.224,1.34,0.226,64.50%,150,150,150,6.27,6.26,0.01,6.27,5.58
34,Sam Aldegheri,LAA,5.88,4.54,1.29,1.34,14.60%,11.30%,3.30%,0.233,1.43,0.245,66.70%,123,129,138,5.08,5.32,-0.24,5.72,5.55
35,Geoff Hartlieb,ATH,5.09,4.58,1.11,0.51,12.30%,11.10%,1.20%,0.296,1.7,0.333,70.90%,114,101,146,5.09,4.4,0.7,6.05,5.52
36,Zach Maxwell,CIN,8.31,6.92,1.2,2.08,17.90%,14.90%,3.00%,0.316,2.15,0.357,67.20%,195,150,151,8.31,6.56,1.75,6.34,5.47
37,Charlie Barnes,2 Tms,4.15,4.85,0.86,2.08,9.50%,11.10%,-1.60%,0.309,1.85,0.304,67.30%,167,165,132,6.92,7.02,-0.1,5.53,5.47
38,Danny Young,ATL,10.95,9.49,1.15,2.19,23.10%,20.00%,3.10%,0.306,2.27,0.387,74.60%,192,187,146,8.03,7.72,0.31,6.14,5.42
39,Dietrich Enns,BAL,7.31,6.19,1.18,0,18.60%,15.70%,2.90%,0.22,1.5,0.283,66.70%,96,85,137,3.94,3.53,0.4,5.7,5.42
40,Coleman Crow,MIL,4.82,2.89,1.67,0.96,11.80%,7.10%,4.70%,0.269,1.45,0.288,59.50%,129,109,135,5.3,4.54,0.76,5.65,5.4
41,Hunter Barco,PIT,7.13,6.62,1.08,2.04,16.10%,14.90%,1.10%,0.292,1.92,0.315,62.50%,177,166,141,7.64,7,0.64,5.93,5.4
42,Seth Halvorsen,2 Tms,7.04,6.65,1.06,1.57,15.70%,14.80%,0.90%,0.268,1.87,0.293,75.50%,130,141,130,5.87,6.14,-0.27,5.45,5.39
43,Josh Ekness,MIA,6.53,5.66,1.15,0.87,16.70%,14.40%,2.20%,0.211,1.4,0.237,77.20%,62,118,136,2.61,4.93,-2.32,5.72,5.38
44,Gavin Collyer,TEX,8.61,7.43,1.16,0.39,21.00%,18.10%,2.90%,0.188,1.48,0.246,67.40%,125,120,148,5.09,5.01,0.08,6.15,5.38
45,PJ Poulin,WSN,6.14,5.15,1.19,0.98,16.30%,13.70%,2.60%,0.206,1.31,0.225,85.30%,63,116,126,2.7,4.95,-2.25,5.3,5.35
46,Trey Gibson,BAL,8.18,6.82,1.2,1.91,18.60%,15.50%,3.10%,0.281,1.91,0.316,68.30%,180,154,117,7.36,6.4,0.97,4.87,5.34
47,Joe Ross,2 Tms,5.4,4.63,1.17,2.31,12.30%,10.50%,1.80%,0.314,1.89,0.317,50.60%,223,164,138,9.26,6.78,2.48,5.76,5.31
48,Elmer Rodríguez,NYY,7.09,5.4,1.31,0.68,16.80%,12.80%,4.00%,0.25,1.58,0.296,70.10%,130,114,133,5.4,4.86,0.54,5.52,5.31
49,Mike Paredes,MIN,4.98,3.41,1.46,1.57,12.30%,8.40%,3.90%,0.261,1.43,0.265,75.70%,113,138,131,4.72,5.66,-0.94,5.45,5.31
50,AJ Smith-Shawver,ATL,7.64,5.6,1.36,1.02,17.90%,13.10%,4.80%,0.274,1.75,0.321,60.30%,171,115,124,7.13,4.74,2.39,5.23,5.3
51,Nick Davila,SEA,4.28,4.28,1,0.66,10.90%,10.90%,0.00%,0.235,1.35,0.253,62.80%,127,124,134,4.94,4.96,-0.02,5.55,5.3
52,Khristian Curtis,PIT,5.73,4.91,1.17,0,17.90%,15.40%,2.60%,0.091,0.82,0.115,77.80%,38,82,115,1.64,3.46,-1.82,4.83,5.29
53,Cody Bradford,TEX,4.75,2.08,2.29,1.19,11.90%,5.20%,6.70%,0.325,1.58,0.349,78.30%,109,109,124,4.45,4.55,-0.1,5.17,5.27
54,Aaron Bummer,2 Tms,7.02,5.94,1.18,3.78,14.80%,12.50%,2.30%,0.316,2.1,0.304,57.30%,244,221,144,10.26,9.16,1.1,6.05,5.25
55,Tristan Beck,SFG,3.86,3.21,1.2,1.29,9.40%,7.80%,1.60%,0.293,1.57,0.3,59.40%,174,133,135,7.07,5.38,1.69,5.68,5.24
56,Chase Petty,CIN,4.26,2.56,1.67,1.71,10.80%,6.50%,4.30%,0.244,1.26,0.236,69.40%,113,132,131,4.83,5.75,-0.92,5.52,5.23
57,Peter Strzelecki,STL,5.14,3.86,1.33,0.64,13.10%,9.80%,3.30%,0.245,1.36,0.273,61.20%,141,111,141,5.79,4.6,1.19,5.93,5.22
58,Ryan Johnson,LAA,6.66,4.37,1.53,1.84,17.10%,11.20%,5.90%,0.239,1.39,0.247,69.50%,125,143,129,5.17,5.88,-0.71,5.36,5.22
59,Germán Márquez,SDP,6.28,4.08,1.54,2.38,15.70%,10.20%,5.50%,0.262,1.49,0.258,79.80%,132,158,128,5.26,6.61,-1.34,5.39,5.21
60,Kade Anderson,SEA,6.6,4.2,1.57,1.8,17.50%,11.10%,6.30%,0.268,1.47,0.286,73.00%,139,141,124,5.4,5.63,-0.23,5.14,5.19
61,Merrill Kelly,ARI,6.03,3.9,1.55,1.65,15.40%,10.00%,5.50%,0.267,1.47,0.281,73.50%,121,134,118,5.06,5.49,-0.43,4.96,5.19
62,Lucas Erceg,KCR,6.44,6.02,1.07,1.04,14.90%,13.90%,1.00%,0.306,1.89,0.35,65.40%,146,133,130,6.23,5.59,0.64,5.41,5.19
63,Taijuan Walker,PHI,6.75,4.37,1.55,3.18,14.80%,9.60%,5.20%,0.35,2.07,0.359,62.50%,211,180,131,9.13,7.77,1.36,5.51,5.16
64,Ben Peoples,TEX,5.51,4.41,1.25,1.65,14.70%,11.80%,2.90%,0.237,1.35,0.239,95.70%,67,142,132,2.76,5.91,-3.16,5.46,5.16
65,Ryan Walker,SFG,6.34,5.23,1.21,1.38,14.80%,12.30%,2.60%,0.296,1.81,0.327,62.30%,176,136,127,7.16,5.51,1.65,5.32,5.15
66,Tyler Schweitzer,CHW,4.68,3.31,1.42,0.83,12.50%,8.80%,3.70%,0.25,1.32,0.269,79.90%,79,103,126,3.31,4.35,-1.04,5.23,5.14
67,Eric Lauer,2 Tms,5.98,2.91,2.06,2.16,15.50%,7.50%,7.90%,0.251,1.31,0.247,75.00%,126,141,129,5.23,5.99,-0.76,5.39,5.14
68,Gavin Hollowell,CHC,8.16,5.02,1.63,1.26,21.00%,12.90%,8.10%,0.208,1.33,0.237,87.20%,61,121,135,2.51,4.98,-2.47,5.69,5.13
69,Drey Jameson,ARI,6.05,4.66,1.3,0.47,15.10%,11.60%,3.50%,0.253,1.5,0.295,66.40%,122,101,123,5.12,4.13,0.99,5.17,5.1
70,Trevor Martin,2 Tms,5.02,3.77,1.33,2.51,12.10%,9.10%,3.00%,0.31,1.67,0.304,73.50%,105,174,139,4.4,7.28,-2.89,5.76,5.1
71,Max Scherzer,TOR,6.89,3.88,1.78,1.87,17.60%,9.90%,7.70%,0.239,1.36,0.247,65.40%,146,135,128,6.03,5.65,0.38,5.33,5.09
72,Zack Littell,2 Tms,5.28,2.82,1.87,2.17,13.50%,7.20%,6.30%,0.273,1.41,0.268,71.30%,123,143,125,5.21,6.07,-0.86,5.26,5.09
73,Jack Kochanowicz,LAA,6.61,5.06,1.31,0.98,15.90%,12.20%,3.70%,0.255,1.58,0.289,61.30%,149,121,120,6.19,4.97,1.22,4.99,5.09
74,Ethan Roberts,CHC,5.96,4.91,1.21,1.05,15.50%,12.70%,2.70%,0.237,1.4,0.26,71.80%,103,128,126,4.21,5.28,-1.07,5.28,5.07
75,Richard Lovelady,2 Tms,8.01,6.23,1.29,1.19,18.50%,14.40%,4.10%,0.279,1.81,0.33,82.10%,91,127,121,3.86,5.4,-1.55,5.08,5.07
76,Ronel Blanco,HOU,7.57,4.94,1.53,2.3,19.50%,12.70%,6.80%,0.245,1.46,0.25,67.30%,159,158,123,6.59,6.5,0.09,5.1,5.05
77,Matt Gage,SFG,7.24,5.6,1.29,1.98,17.50%,13.50%,4.00%,0.259,1.65,0.275,74.50%,138,156,126,5.6,6.32,-0.72,5.28,5.05
78,Jayden Murray,2 Tms,7.71,4.96,1.56,1.65,17.70%,11.40%,6.30%,0.357,2.08,0.415,57.00%,228,132,137,9.37,5.42,3.95,5.71,5.04
79,Joel Peguero,SFG,3.97,3.18,1.25,0,10.40%,8.30%,2.10%,0.238,1.24,0.27,68.80%,59,94,132,2.38,3.8,-1.42,5.53,5
80,Kohl Drake,ARI,7.4,3.05,2.43,2.18,17.90%,7.40%,10.50%,0.286,1.5,0.306,71.40%,156,151,137,6.53,6.19,0.34,5.75,4.99
81,Ryan Feltner,COL,6.83,4.05,1.69,1.6,16.90%,10.00%,6.90%,0.279,1.58,0.306,65.30%,125,120,117,5.91,5.27,0.64,4.92,4.99
82,Luinder Avila,KCR,7.84,5.4,1.45,0.9,19.70%,13.60%,6.10%,0.268,1.61,0.325,68.40%,129,108,115,5.53,4.54,0.99,4.79,4.98
83,Robbie Ray,2 Tms,7.55,4.58,1.65,1.19,19.90%,12.10%,7.80%,0.225,1.34,0.257,79.00%,84,115,116,3.39,4.68,-1.29,4.9,4.98
84,Justin Topa,2 Tms,6.14,4.91,1.25,1.64,13.90%,11.10%,2.80%,0.33,1.95,0.36,66.00%,167,146,131,6.95,6,0.95,5.42,4.97
85,Michael Lorenzen,2 Tms,6.36,3.7,1.72,1.55,14.60%,8.50%,6.10%,0.33,1.86,0.364,62.20%,150,121,117,7.03,5.31,1.72,4.9,4.96
86,Gerardo Carrillo,ARI,10.59,7.94,1.33,0,26.30%,19.70%,6.60%,0.197,1.59,0.293,77.80%,63,83,108,2.65,3.39,-0.74,4.54,4.96
87,Andrew Sears,DET,5.84,2.19,2.67,0.73,15.70%,5.90%,9.80%,0.255,1.22,0.289,68.50%,104,91,129,4.38,3.83,0.55,5.34,4.96
88,Andrew Abbott,CIN,7.09,4.14,1.71,1.3,18.10%,10.50%,7.50%,0.247,1.42,0.277,73.60%,104,109,115,4.43,4.78,-0.35,4.84,4.95
89,JR Ritchie,ATL,8.22,5.59,1.47,1.4,20.70%,14.10%,6.60%,0.219,1.43,0.248,74.30%,108,131,116,4.5,5.41,-0.91,4.9,4.94
90,Zac Gallen,ARI,5.6,2.85,1.97,1.65,13.90%,7.00%,6.80%,0.301,1.56,0.319,63.00%,151,130,114,6.34,5.31,1.03,4.8,4.94
91,Tony Santillan,CIN,8.1,5.65,1.43,2.45,19.20%,13.40%,5.80%,0.259,1.66,0.269,69.40%,155,158,130,6.63,6.89,-0.26,5.48,4.92
92,Keegan Akin,BAL,6.04,3.2,1.89,1.07,14.90%,7.90%,7.00%,0.276,1.5,0.306,59.20%,139,105,128,5.68,4.36,1.33,5.32,4.89
93,Kyle Finnegan,DET,7.1,5.25,1.35,1.39,18.00%,13.30%,4.70%,0.264,1.58,0.297,83.30%,92,127,120,3.86,5.32,-1.47,4.97,4.89
94,Connor Thomas,2 Tms,5.93,4.61,1.29,2.63,12.90%,10.00%,2.90%,0.344,2.05,0.354,53.30%,267,183,135,11.2,7.56,3.64,5.63,4.88
95,Peyton Pallette,CLE,9.58,6.97,1.38,0.87,22.70%,16.50%,6.20%,0.218,1.6,0.278,69.30%,126,122,125,5.23,4.98,0.24,5.18,4.88
96,Tomoyuki Sugano,COL,5.4,2.05,2.63,1.85,14.00%,5.30%,8.70%,0.278,1.35,0.283,71.20%,110,121,113,5.19,5.31,-0.12,4.75,4.87
97,Jacob Waguespack,DET,5.55,3.79,1.47,1.51,15.50%,10.60%,4.90%,0.151,0.95,0.133,82.70%,72,129,118,3.03,5.39,-2.37,4.9,4.87
98,JT Brubaker,SFG,5.82,3.88,1.5,0.75,15.60%,10.40%,5.20%,0.221,1.24,0.247,71.40%,88,105,119,3.58,4.27,-0.69,4.99,4.86
99,Nick Mears,KCR,6.98,5.12,1.36,0.93,18.10%,13.30%,4.80%,0.25,1.5,0.291,68.70%,120,110,114,5.12,4.6,0.53,4.73,4.85
100,Zak Kent,2 Tms,6.91,4.4,1.57,1.88,15.90%,10.10%,5.80%,0.29,1.74,0.313,57.70%,148,138,130,6.28,5.75,0.53,5.44,4.85
101,Tyler Davis,CHW,7.22,5.02,1.44,0.63,20.20%,14.00%,6.10%,0.173,1.15,0.205,62.90%,91,97,119,3.77,4.07,-0.3,4.95,4.84
102,Jeffrey Springs,ATH,7.2,3.6,2,2.28,18.20%,9.10%,9.10%,0.263,1.45,0.271,67.00%,134,139,118,6.02,6.06,-0.04,4.9,4.84
103,Randy Vásquez,SDP,5.57,2.47,2.26,1.06,14.80%,6.50%,8.20%,0.261,1.28,0.284,73.00%,100,103,115,4.02,4.33,-0.31,4.84,4.84
104,Bubba Chandler,PIT,8.01,4.7,1.7,0.79,20.40%,12.00%,8.40%,0.223,1.37,0.27,66.80%,100,99,113,4.3,4.16,0.14,4.77,4.83
105,Kade Morris,ATH,5.19,3.63,1.43,2.6,11.20%,7.90%,3.40%,0.38,2.13,0.391,57.60%,243,170,128,10.9,7.42,3.48,5.32,4.83
106,Rhett Lowder,CIN,6.98,3.65,1.91,1.24,17.20%,9.00%,8.20%,0.268,1.49,0.301,67.30%,127,107,114,5.43,4.66,0.78,4.81,4.82
107,Mason Barnett,ATH,8.41,5.31,1.58,2.66,20.50%,13.00%,7.60%,0.264,1.62,0.275,68.40%,158,160,125,7.08,6.98,0.1,5.18,4.81
108,Chris Paddack,3 Tms,6.32,3,2.11,1.42,15.00%,7.10%,7.90%,0.309,1.67,0.34,62.80%,161,114,115,6.79,4.85,1.94,4.83,4.8
109,Bailey Ober,MIN,6.27,2.46,2.55,1.43,16.60%,6.50%,10.10%,0.245,1.24,0.262,71.10%,105,113,117,4.37,4.64,-0.27,4.88,4.79
110,Shane Bieber,TOR,7.11,3.88,1.83,1.62,18.20%,9.90%,8.30%,0.252,1.42,0.274,78.50%,106,123,111,4.37,5.14,-0.78,4.62,4.79
111,Ryan Weiss,HOU,10.38,6.92,1.5,2.77,22.90%,15.30%,7.60%,0.315,2.12,0.37,70.80%,184,173,121,7.62,7.1,0.52,5.01,4.79
112,Lucas Sims,CHW,9,6.3,1.43,0.9,21.70%,15.20%,6.50%,0.237,1.6,0.296,64.10%,108,114,120,4.5,4.8,-0.3,5,4.79
113,Jose Cabrera,ARI,6.38,3,2.13,1.5,16.20%,7.60%,8.60%,0.255,1.33,0.274,74.80%,116,127,119,4.88,5.22,-0.35,5,4.78
114,Miles Mikolas,WSN,4.5,1.78,2.52,2.09,11.60%,4.60%,7.00%,0.29,1.38,0.284,66.00%,137,135,113,5.82,5.77,0.05,4.73,4.78
115,Andrew Hoffmann,ARI,9.26,6.17,1.5,2.31,20.30%,13.60%,6.80%,0.32,2.06,0.371,62.50%,184,163,126,7.71,6.7,1.02,5.29,4.78
116,Scott Barlow,ATH,7.83,5.13,1.53,1.89,19.10%,12.50%,6.60%,0.206,1.35,0.211,61.60%,145,147,138,6.48,6.43,0.05,5.73,4.77
117,Chris Bassitt,BAL,6.43,3.48,1.85,0.95,15.70%,8.50%,7.20%,0.295,1.58,0.337,73.10%,121,109,113,4.96,4.51,0.44,4.7,4.76
118,Jason Alexander,HOU,6.87,3.93,1.75,1.96,16.70%,9.50%,7.10%,0.28,1.58,0.298,45.10%,226,143,117,9.33,5.88,3.45,4.85,4.76
119,Martín Pérez,ATL,6.79,3.9,1.74,0.94,18.00%,10.40%,7.70%,0.224,1.27,0.255,78.40%,78,104,103,3.25,4.31,-1.07,4.35,4.75
120,Carlos Carrasco,ATL,3.78,1.62,2.33,1.62,9.60%,4.10%,5.50%,0.309,1.44,0.31,68.80%,142,133,112,5.94,5.5,0.44,4.69,4.74
121,Erick Fedde,CHW,6.31,3.3,1.91,1.54,16.30%,8.50%,7.80%,0.253,1.36,0.269,76.60%,96,121,115,4,5.09,-1.09,4.78,4.74
122,Mike Burrows,HOU,7.13,3.33,2.14,2,17.70%,8.30%,9.50%,0.292,1.55,0.316,67.40%,145,137,117,5.99,5.63,0.36,4.85,4.73
123,Robert Stock,NYM,8.54,4.44,1.92,0.68,19.70%,10.20%,9.40%,0.297,1.75,0.369,67.10%,142,96,120,5.81,4.01,1.8,5.02,4.73
124,Spencer Arrighetti,2 Tms,8.82,5,1.76,1.36,22.30%,12.60%,9.70%,0.213,1.34,0.248,72.20%,117,126,121,4.82,5.2,-0.38,5.02,4.73
125,Nick Lodolo,CIN,7.31,3.71,1.97,1.69,18.00%,9.10%,8.90%,0.28,1.52,0.311,78.40%,119,128,115,5.08,5.58,-0.5,4.82,4.73
126,Cade Povich,BAL,6.75,3.51,1.92,1.35,17.60%,9.20%,8.50%,0.273,1.44,0.306,81.00%,99,116,116,4.05,4.81,-0.76,4.8,4.73
127,Trent Thornton,CHC,5.52,3.35,1.65,1.58,15.00%,9.10%,5.90%,0.234,1.23,0.237,79.50%,87,132,119,3.55,5.46,-1.91,5,4.73
128,Matt Strahm,KCR,7.57,3.53,2.14,3.03,18.60%,8.70%,9.90%,0.269,1.49,0.262,68.10%,171,170,136,7.32,7.13,0.18,5.63,4.72
129,Grant Holmes,ATL,7.11,3.76,1.89,1.3,18.50%,9.80%,8.70%,0.233,1.31,0.258,80.90%,87,114,107,3.62,4.71,-1.09,4.51,4.72
130,Ryan Borucki,SFG,5.7,3.42,1.67,1.14,14.40%,8.70%,5.80%,0.29,1.52,0.32,71.00%,122,120,121,4.94,4.87,0.07,5.07,4.72
131,Noah Schultz,CHW,8.13,4.27,1.9,1.24,20.30%,10.70%,9.60%,0.246,1.42,0.288,63.30%,146,115,120,6.06,4.87,1.19,4.97,4.71
132,Gabriel Hughes,COL,7.22,3.61,2,0.86,18.20%,9.10%,9.10%,0.26,1.43,0.304,58.60%,131,92,109,6.19,4.05,2.14,4.59,4.71
133,Ryne Nelson,ARI,6.7,2.38,2.82,1.94,17.50%,6.20%,11.30%,0.247,1.24,0.254,66.40%,118,131,118,4.97,5.39,-0.42,4.95,4.71
134,Zach Agnos,COL,5.94,3.14,1.89,1.01,14.90%,7.90%,7.00%,0.276,1.46,0.308,62.20%,119,102,120,5.6,4.46,1.14,5.03,4.7
135,Mitch Keller,PIT,6.93,3.27,2.12,1.17,17.70%,8.30%,9.30%,0.258,1.37,0.292,64.40%,123,108,109,5.29,4.54,0.75,4.6,4.7
136,Kendry Rojas,MIN,10.31,6.67,1.55,0.61,26.20%,16.90%,9.20%,0.215,1.52,0.296,81.00%,80,98,113,3.34,4.01,-0.67,4.7,4.7
137,Cody Bolton,HOU,9.9,6.3,1.57,1.35,23.20%,14.70%,8.40%,0.263,1.75,0.327,75.50%,131,124,118,5.4,5.1,0.3,4.88,4.69
138,Alimber Santa,HOU,5.28,3.52,1.5,0.59,15.30%,10.20%,5.10%,0.151,0.91,0.163,63.50%,28,96,110,1.17,3.94,-2.77,4.57,4.69
139,Juan Mejia,COL,8.13,5.52,1.47,0.77,19.30%,13.10%,6.20%,0.277,1.72,0.339,66.00%,120,100,112,5.68,4.39,1.29,4.72,4.68
140,Carson Palmquist,WSN,8.27,4.41,1.88,0.55,19.20%,10.30%,9.00%,0.313,1.78,0.392,58.80%,181,95,122,7.71,4.08,3.64,5.12,4.67
141,Jimmy Herget,COL,7.92,4.67,1.7,1.42,19.80%,11.70%,8.10%,0.269,1.56,0.312,65.90%,121,117,123,5.68,5.15,0.54,5.17,4.67
142,Jacob Lopez,ATH,8.83,4.46,1.98,1.46,22.10%,11.20%,10.90%,0.246,1.46,0.29,74.30%,105,111,120,4.71,4.84,-0.12,5,4.67
143,Nick Martinez,TBR,5.34,1.35,3.96,1.07,14.80%,3.70%,11.00%,0.247,1.1,0.265,82.00%,72,94,108,3.04,3.96,-0.92,4.49,4.66
144,Eduardo Rodriguez,ARI,6.57,2.96,2.22,0.75,17.80%,8.00%,9.80%,0.235,1.22,0.271,82.30%,62,90,104,2.59,3.71,-1.13,4.39,4.65
145,Taylor Rogers,MIN,7.76,4.59,1.69,0.71,18.90%,11.20%,7.70%,0.27,1.59,0.327,72.70%,110,100,124,4.59,4.1,0.49,5.14,4.65
146,Clayton Beeter,WSN,8.8,6.07,1.45,1.57,22.40%,15.40%,7.00%,0.204,1.41,0.228,77.50%,106,132,112,4.5,5.62,-1.12,4.7,4.65
147,Ryan Yarbrough,NYY,6.62,3.57,1.86,0.51,17.30%,9.30%,8.00%,0.219,1.23,0.258,60.20%,94,89,122,3.91,3.77,0.13,5.06,4.64
148,Yoendrys Gómez,2 Tms,8.31,4.9,1.7,1.04,21.30%,12.50%,8.70%,0.216,1.35,0.256,77.10%,85,109,123,3.56,4.53,-0.97,5.12,4.63
149,Eli Morgan,KCR,7.45,4.19,1.78,2.33,17.60%,9.90%,7.70%,0.3,1.71,0.322,85.70%,120,155,125,5.12,6.51,-1.39,5.17,4.63
150,Hoby Milner,2 Tms,4.62,2.19,2.11,1.22,12.10%,5.70%,6.40%,0.262,1.27,0.273,76.70%,102,117,113,4.14,4.8,-0.66,4.75,4.63
151,Randy Dobnak,KCR,6.24,3.59,1.74,0.78,16.20%,9.30%,6.90%,0.254,1.39,0.291,86.30%,62,96,101,2.65,4.03,-1.38,4.19,4.63
152,Seth Lugo,KCR,6.74,2.89,2.33,1.02,17.40%,7.40%,9.90%,0.284,1.44,0.327,65.90%,118,99,109,5.04,4.16,0.87,4.51,4.63
153,Victor Vodnik,2 Tms,6.7,5.03,1.33,0.56,16.40%,12.30%,4.10%,0.259,1.57,0.307,64.20%,109,98,112,5.03,4.27,0.75,4.72,4.62
154,Adrian Houser,SFG,6.16,2.79,2.21,1.23,16.00%,7.20%,8.70%,0.252,1.3,0.275,73.80%,99,112,108,4.02,4.55,-0.52,4.54,4.61
155,JP Sears,SDP,6.89,3.03,2.27,1.65,17.50%,7.70%,9.80%,0.254,1.35,0.273,71.80%,117,123,113,4.68,5.15,-0.46,4.74,4.6
156,Brandan Bidois,PIT,11.49,6.89,1.67,2.87,25.00%,15.00%,10.00%,0.284,1.98,0.333,64.00%,146,171,132,6.32,7.18,-0.86,5.53,4.6
157,Janson Junk,MIA,6.17,2.42,2.55,1,16.30%,6.40%,9.90%,0.259,1.28,0.29,70.90%,95,97,106,4,4.06,-0.06,4.44,4.6
158,Kodai Senga,NYM,10.45,6.11,1.71,2.09,25.40%,14.80%,10.50%,0.247,1.63,0.292,63.30%,176,143,117,7.23,5.99,1.24,4.94,4.6
159,Seth Johnson,2 Tms,11.14,7.29,1.53,1.29,24.50%,16.00%,8.50%,0.284,2,0.373,61.90%,166,116,119,7.29,5.05,2.24,4.99,4.59
160,John Schreiber,2 Tms,6.45,4.01,1.61,1.22,17.50%,10.90%,6.60%,0.219,1.24,0.238,76.10%,82,115,109,3.48,4.82,-1.33,4.54,4.59
161,Colin Rea,CHC,6.75,3.13,2.16,1.39,17.40%,8.10%,9.30%,0.255,1.35,0.281,75.20%,109,117,110,4.45,4.81,-0.36,4.63,4.59
162,Sam Hentges,SFG,9.55,6.27,1.52,0,22.70%,14.90%,7.80%,0.236,1.61,0.326,73.70%,81,84,116,3.27,3.43,-0.16,4.89,4.58
163,Gordon Graceffo,STL,6.43,3.91,1.65,0.63,18.10%,11.00%,7.10%,0.181,1.07,0.207,76.10%,68,96,112,2.78,3.96,-1.19,4.72,4.58
164,Jackson Jobe,DET,7.33,3.86,1.9,1.54,18.30%,9.60%,8.70%,0.264,1.46,0.294,76.40%,110,128,111,4.63,5.37,-0.74,4.62,4.58
165,Albert Suárez,BAL,6.25,3.05,2.05,1.22,16.60%,8.10%,8.50%,0.238,1.25,0.258,66.90%,101,108,114,4.12,4.49,-0.37,4.74,4.57
166,Justin Lawrence,3 Tms,11.27,7.34,1.54,2.36,24.30%,15.80%,8.50%,0.273,1.95,0.33,62.90%,173,167,122,7.34,6.97,0.37,5.1,4.56
167,Trey Yesavage,TOR,8.74,4.42,1.98,0.96,23.60%,11.90%,11.70%,0.18,1.14,0.215,73.70%,88,97,111,3.65,4.08,-0.43,4.62,4.55
168,Jameson Taillon,2 Tms,7.95,3.35,2.38,2.83,20.50%,8.60%,11.90%,0.253,1.36,0.249,78.80%,138,160,113,5.65,6.6,-0.94,4.76,4.54
169,Chad Dallas,TOR,8.71,5.23,1.67,0.87,21.30%,12.80%,8.50%,0.244,1.55,0.3,61.60%,147,99,119,6.1,4.16,1.94,4.94,4.54
170,Michael McGreevy,STL,6.23,2.44,2.55,1.22,16.80%,6.60%,10.20%,0.256,1.26,0.281,74.10%,97,105,101,3.97,4.31,-0.34,4.25,4.54
171,Blade Tidwell,SFG,7.59,3.8,2,1.05,20.50%,10.20%,10.20%,0.226,1.24,0.263,71.40%,109,109,112,4.43,4.41,0.02,4.72,4.54
172,Eduardo Rivera,BOS,9,5.4,1.67,0.9,22.70%,13.60%,9.10%,0.211,1.4,0.259,55.60%,147,101,102,6.3,4.2,2.1,4.25,4.54
173,Lance McCullers Jr.,2 Tms,9.82,5.52,1.78,1.43,24.60%,13.80%,10.80%,0.247,1.55,0.306,54.80%,158,121,103,6.55,4.96,1.59,4.3,4.54
174,Quinn Mathews,STL,8.76,4.38,2,0.36,21.40%,10.70%,10.70%,0.273,1.58,0.351,72.50%,107,79,106,4.38,3.26,1.12,4.44,4.53
175,Brandon Young,BAL,7.23,3.15,2.29,1.25,18.90%,8.20%,10.60%,0.248,1.31,0.28,78.00%,84,106,107,3.42,4.41,-0.99,4.45,4.53
176,Connor Seabold,3 Tms,7.5,4.13,1.82,0.75,17.40%,9.60%,7.80%,0.297,1.71,0.354,70.40%,125,102,126,5.25,4.26,0.99,5.25,4.53
177,Patrick Sandoval,BOS,9.18,4.59,2,1.1,22.00%,11.00%,11.00%,0.299,1.73,0.372,74.70%,103,102,108,4.41,4.24,0.17,4.49,4.53
178,Aaron Civale,2 Tms,7.4,2.76,2.68,1.51,18.40%,6.90%,11.60%,0.282,1.47,0.317,78.00%,98,108,114,4.37,4.68,-0.31,4.76,4.53
179,Javier Assad,CHC,5.93,2.66,2.23,1.53,16.50%,7.40%,9.10%,0.229,1.14,0.236,81.70%,88,121,105,3.58,4.98,-1.4,4.43,4.53
180,Keider Montero,DET,6.04,2.01,3,0.94,16.60%,5.50%,11.10%,0.213,1.03,0.233,70.20%,84,93,111,3.52,3.89,-0.37,4.62,4.52
181,Gus Varland,WSN,8.53,4.26,2,1.99,19.90%,9.90%,9.90%,0.316,1.83,0.364,66.40%,160,129,121,6.82,5.5,1.33,5.1,4.52
182,Easton McGee,2 Tms,7.84,4.35,1.8,2.61,19.10%,10.60%,8.50%,0.357,1.94,0.4,75.90%,163,157,120,6.97,6.58,0.39,4.99,4.52
183,Bennett Sousa,HOU,9.78,5.87,1.67,1.17,23.10%,13.90%,9.30%,0.29,1.83,0.369,66.10%,142,111,120,5.87,4.57,1.3,4.98,4.52
184,Ron Marinaccio,3 Tms,7.49,4.21,1.78,1.72,18.50%,10.40%,8.10%,0.27,1.53,0.299,70.40%,149,135,123,6.09,5.68,0.41,5.16,4.52
185,Steven Matz,TBR,6.59,2.79,2.36,1.77,17.30%,7.30%,10.00%,0.238,1.24,0.246,62.50%,136,124,109,5.7,5.21,0.5,4.51,4.52
186,Jordan Leasure,CHW,8.68,3.86,2.25,2.89,23.10%,10.30%,12.80%,0.214,1.23,0.196,61.60%,151,157,125,6.27,6.63,-0.36,5.2,4.52
187,Tyler Phillips,MIA,7.34,3.83,1.91,1.14,19.10%,10.00%,9.10%,0.238,1.33,0.271,80.50%,81,107,104,3.43,4.47,-1.05,4.38,4.52
188,Stephen Kolek,KCR,5.67,2,2.83,1.33,15.20%,5.40%,9.80%,0.262,1.24,0.28,67.50%,105,108,101,4.5,4.54,-0.04,4.21,4.5
189,Jefry Yan,NYM,12.08,7.82,1.55,1.42,27.40%,17.70%,9.70%,0.24,1.82,0.323,70.80%,139,127,109,5.68,5.31,0.38,4.56,4.5
190,Edward Cabrera,CHC,7.93,3.79,2.09,1.78,20.40%,9.70%,10.60%,0.264,1.45,0.294,64.40%,139,126,100,5.68,5.2,0.48,4.22,4.5
191,Shaun Anderson,LAA,7.65,4.5,1.7,1.8,18.30%,10.80%,7.50%,0.305,1.75,0.344,55.90%,185,137,113,7.65,5.65,2,4.7,4.5
192,Angel Zerpa,MIL,5.68,4.26,1.33,1.42,14.50%,10.90%,3.60%,0.327,1.74,0.359,57.30%,155,127,103,6.39,5.31,1.09,4.32,4.49
193,Cristian Javier,HOU,9.06,3.99,2.27,1.63,22.40%,9.90%,12.60%,0.276,1.55,0.329,69.30%,145,119,117,5.98,4.89,1.09,4.84,4.49
194,Jonathan Hernández,LAD,7.82,4.62,1.69,1.42,20.20%,11.90%,8.30%,0.219,1.34,0.243,63.40%,137,115,110,5.68,4.95,0.73,4.62,4.49
195,Brandon Pfaadt,ARI,5.91,2.22,2.66,1,16.00%,6.00%,10.00%,0.237,1.15,0.26,73.90%,84,100,105,3.53,4.09,-0.56,4.43,4.49
196,Slade Cecconi,CLE,7.19,2.96,2.43,1.44,18.10%,7.40%,10.60%,0.286,1.49,0.323,70.00%,121,114,106,5.03,4.64,0.39,4.38,4.48
197,Patrick Corbin,TOR,7.09,2.81,2.52,1.35,17.50%,6.90%,10.60%,0.298,1.54,0.339,70.40%,133,110,106,5.51,4.63,0.88,4.42,4.48
198,Eric Orze,MIN,7.84,4.57,1.71,0.22,19.00%,11.10%,7.90%,0.253,1.52,0.318,59.70%,136,81,113,5.66,3.34,2.32,4.7,4.48
199,Grayson Rodriguez,LAA,8.34,3.82,2.18,1.39,20.70%,9.50%,11.20%,0.275,1.52,0.324,62.50%,145,115,108,6.03,4.76,1.27,4.48,4.48
200,Justin Bruihl,STL,6.03,3.41,1.77,0.52,15.00%,8.50%,6.50%,0.257,1.4,0.297,71.40%,90,98,115,3.67,4.04,-0.37,4.84,4.48
201,Chris Murphy,CHW,8.7,4.5,1.93,0.6,22.00%,11.40%,10.60%,0.23,1.37,0.293,66.40%,101,93,128,4.2,3.93,0.27,5.32,4.47
202,Anthony Kay,CHW,7.4,3.19,2.32,1.28,18.30%,7.90%,10.40%,0.254,1.36,0.288,74.90%,107,115,111,4.47,4.85,-0.38,4.63,4.47
203,Dax Fulton,MIA,7.71,5.79,1.33,0,20.50%,15.40%,5.10%,0.212,1.39,0.28,69.20%,92,79,98,3.86,3.31,0.55,4.12,4.46
204,Wandy Peralta,SDP,5.82,3.04,1.91,0.79,15.40%,8.10%,7.40%,0.273,1.38,0.31,79.90%,86,97,104,3.44,4.05,-0.61,4.37,4.45
205,Brenan Hanifee,DET,4.22,2.95,1.43,2.11,10.80%,7.50%,3.20%,0.282,1.45,0.271,80.00%,121,151,111,5.06,6.33,-1.27,4.63,4.45
206,Tanner Bibee,CLE,7.14,2.76,2.59,1.41,19.30%,7.50%,11.80%,0.233,1.18,0.256,74.40%,98,112,107,4.06,4.57,-0.51,4.43,4.45
207,Sandy Alcantara,MIA,6.53,2.35,2.78,0.87,17.60%,6.30%,11.30%,0.241,1.19,0.275,73.90%,84,91,102,3.54,3.8,-0.25,4.27,4.44
208,Matthew Boyd,CHC,6.95,2.73,2.55,1.32,18.70%,7.30%,11.30%,0.247,1.23,0.275,75.00%,99,111,104,4.05,4.57,-0.53,4.37,4.43
209,Nate Pearson,2 Tms,7.54,4.38,1.72,0.24,20.40%,11.80%,8.60%,0.192,1.16,0.245,78.90%,53,86,113,2.19,3.56,-1.37,4.71,4.42
210,J.T. Ginn,ATH,7.87,3.71,2.12,1.11,20.90%,9.80%,11.00%,0.222,1.24,0.258,74.90%,83,100,103,3.71,4.38,-0.67,4.29,4.41
211,Tobias Myers,NYM,6.46,2.54,2.54,1.76,16.70%,6.60%,10.10%,0.276,1.39,0.294,58.40%,153,121,109,6.26,5.05,1.21,4.57,4.41
212,Tom Cosgrove,WSN,7.71,3.31,2.33,1.65,18.90%,8.10%,10.80%,0.273,1.47,0.306,45.90%,181,123,127,7.71,5.24,2.48,5.34,4.41
213,Dennis Santana,2 Tms,8.04,4.21,1.91,1.72,20.10%,10.50%,9.60%,0.25,1.45,0.278,66.80%,129,128,118,5.55,5.39,0.16,4.96,4.41
214,Bryce Elder,ATL,7.31,2.96,2.47,1.45,19.10%,7.70%,11.40%,0.241,1.27,0.266,74.50%,98,112,99,4.11,4.61,-0.5,4.18,4.41
215,Chris Roycroft,3 Tms,6.3,4.2,1.5,2.4,14.30%,9.50%,4.80%,0.315,1.83,0.327,72.60%,173,164,112,7.2,6.86,0.34,4.65,4.4
216,John King,MIA,5.98,3.08,1.94,1.27,16.80%,8.60%,8.10%,0.188,1.01,0.191,67.90%,95,116,110,3.99,4.87,-0.88,4.64,4.4
217,Landen Roupp,SFG,8.52,4.23,2.01,0.68,22.30%,11.10%,11.20%,0.22,1.29,0.275,68.00%,103,91,99,4.17,3.7,0.46,4.15,4.4
218,Kris Bubic,KCR,9.12,4.65,1.96,0.72,24.60%,12.60%,12.10%,0.2,1.23,0.256,69.70%,96,89,100,4.11,3.71,0.4,4.15,4.4
219,Carson Seymour,SFG,6.85,4.03,1.7,1.21,17.20%,10.10%,7.10%,0.273,1.52,0.309,74.70%,109,118,106,4.43,4.8,-0.36,4.47,4.39
220,Cole Henry,WSN,9.88,4.61,2.14,2.63,21.40%,10.00%,11.40%,0.283,1.76,0.317,60.70%,186,162,139,7.9,6.9,1,5.85,4.39
221,Caleb Ferguson,2 Tms,8.45,5.18,1.63,1.36,20.70%,12.70%,8.00%,0.282,1.7,0.337,75.50%,124,115,103,5.18,4.91,0.27,4.31,4.39
222,Walbert Ureña,LAA,8.76,4.67,1.88,0.58,22.90%,12.20%,10.70%,0.201,1.26,0.255,77.10%,69,91,100,2.85,3.74,-0.9,4.15,4.39
223,Luis Castillo,2 Tms,7.79,2.86,2.73,1.71,19.20%,7.10%,12.20%,0.277,1.46,0.31,65.40%,141,122,110,5.57,4.96,0.61,4.55,4.39
224,Isaac Mattson,PIT,8.38,4.19,2,0.7,20.50%,10.20%,10.20%,0.28,1.6,0.347,68.00%,124,88,113,5.35,3.72,1.64,4.73,4.39
225,Jose Cuas,KCR,10.13,5.63,1.8,0,24.00%,13.30%,10.70%,0.308,1.88,0.426,80.00%,66,65,111,2.81,2.72,0.09,4.6,4.39
226,Jake Irvin,WSN,9.14,4.2,2.18,1.58,22.90%,10.50%,12.40%,0.242,1.4,0.284,66.70%,131,118,111,5.57,5.06,0.51,4.66,4.38
227,Kyle Bradish,BAL,8.33,3.89,2.14,1.03,21.60%,10.10%,11.50%,0.258,1.42,0.313,72.90%,98,99,100,4.01,4.1,-0.08,4.15,4.38
228,Brady Singer,CIN,7.43,2.86,2.6,1.65,18.50%,7.10%,11.40%,0.278,1.45,0.31,75.40%,113,116,103,4.83,5.06,-0.23,4.34,4.38
229,Jason Foley,SFG,6.23,3.63,1.71,0.52,15.20%,8.90%,6.30%,0.292,1.62,0.339,67.70%,115,91,105,4.67,3.67,1,4.4,4.37
230,Framber Valdez,DET,6.79,3.31,2.05,0.86,17.30%,8.40%,8.90%,0.255,1.36,0.295,71.20%,99,100,101,4.17,4.19,-0.03,4.2,4.37
231,Shawn Armstrong,CLE,9,5.18,1.74,1.09,22.60%,13.00%,9.60%,0.232,1.45,0.284,69.80%,118,112,117,4.91,4.58,0.33,4.88,4.37
232,Michael King,SDP,7.83,3.5,2.24,1,21.30%,9.50%,11.80%,0.215,1.17,0.252,81.30%,78,100,103,3.11,4.19,-1.08,4.33,4.37
233,Luke Murphy,LAA,9.64,5.79,1.67,0.64,25.40%,15.30%,10.20%,0.245,1.5,0.333,63.10%,109,98,106,4.5,4.02,0.48,4.39,4.36
234,Andrew Painter,PHI,7.78,3.16,2.46,1.45,20.00%,8.10%,11.80%,0.258,1.37,0.294,67.10%,128,108,105,5.55,4.66,0.89,4.4,4.36
235,Yerry De los Santos,NYY,6.75,3.6,1.88,0.9,17.90%,9.50%,8.30%,0.211,1.2,0.237,80.20%,32,96,107,1.35,4.1,-2.75,4.45,4.35
236,Jesse Scholtens,TBR,6.85,2.82,2.43,2.01,17.30%,7.10%,10.20%,0.257,1.34,0.267,83.70%,96,134,113,4.03,5.63,-1.6,4.67,4.35
237,Daniel Lynch IV,KCR,6.21,2.7,2.3,0.68,16.80%,7.30%,9.50%,0.211,1.1,0.24,66.70%,82,89,108,3.51,3.73,-0.22,4.49,4.34
238,Hayden Wesneski,HOU,7.49,3.18,2.36,0.45,20.90%,8.90%,12.00%,0.197,1.06,0.243,72.80%,77,80,99,3.18,3.3,-0.12,4.12,4.33
239,Chris Martin,TEX,5.79,1.29,4.5,2.57,13.60%,3.00%,10.60%,0.397,1.93,0.42,58.00%,220,148,108,9,6.17,2.83,4.5,4.33
240,Walker Buehler,SDP,7.72,3.37,2.29,1.19,20.30%,8.90%,11.50%,0.254,1.34,0.296,72.50%,114,104,99,4.56,4.33,0.23,4.16,4.33
241,Matt Svanson,STL,8.52,4.36,1.95,1.04,19.80%,10.10%,9.70%,0.299,1.75,0.362,54.90%,177,104,113,7.27,4.3,2.97,4.74,4.33
242,Kody Funderburk,MIN,7.69,4.73,1.63,0.59,19.90%,12.20%,7.70%,0.212,1.31,0.258,74.40%,90,96,102,3.74,3.95,-0.21,4.25,4.33
243,Tatsuya Imai,HOU,11.21,5.99,1.87,1.15,27.90%,14.90%,13.00%,0.216,1.47,0.287,69.20%,129,108,103,5.35,4.43,0.92,4.26,4.33
244,Andre Pallante,STL,6.26,2.87,2.18,0.64,16.80%,7.70%,9.10%,0.244,1.24,0.282,74.30%,86,90,96,3.51,3.71,-0.2,4.04,4.32
245,David Peterson,2 Tms,8.01,3.97,2.02,0.99,19.50%,9.70%,9.80%,0.274,1.56,0.327,65.20%,131,100,97,5.39,4.17,1.22,4.07,4.32
246,Carlos Rodón,NYY,9.84,4.78,2.06,0.84,26.20%,12.70%,13.50%,0.177,1.17,0.226,74.30%,74,90,105,3.09,3.81,-0.72,4.34,4.31
247,Joel Kuhnel,3 Tms,5.8,3.28,1.77,1.51,14.40%,8.10%,6.30%,0.287,1.51,0.307,74.60%,110,127,106,4.79,5.42,-0.63,4.42,4.31
248,Chad Patrick,MIL,7.69,3.66,2.1,0.92,20.70%,9.90%,10.90%,0.223,1.23,0.264,79.80%,80,96,108,3.29,3.99,-0.7,4.55,4.31
249,Shane Baz,BAL,7.99,3.14,2.54,0.66,20.90%,8.20%,12.70%,0.254,1.33,0.312,68.70%,96,82,101,3.91,3.4,0.52,4.19,4.31
250,Cole Wilcox,SEA,9.33,5.67,1.65,0.67,22.80%,13.80%,8.90%,0.26,1.63,0.338,76.40%,103,103,100,4,4.1,-0.1,4.14,4.31
251,Luis Severino,ATH,9.34,4.45,2.1,1.29,24.00%,11.40%,12.50%,0.256,1.47,0.317,74.90%,93,102,100,4.16,4.47,-0.3,4.14,4.31
252,Tim Herrin,CLE,8.15,4.53,1.8,0.91,21.60%,12.00%,9.60%,0.208,1.25,0.25,81.70%,74,108,113,3.08,4.4,-1.32,4.67,4.3
253,David Sandlin,CHW,8.76,4.38,2,2.19,22.60%,11.30%,11.30%,0.237,1.38,0.254,60.20%,167,140,101,6.93,5.89,1.04,4.2,4.3
254,Reynaldo López,ATL,8.29,3.64,2.28,1.26,21.60%,9.50%,12.10%,0.243,1.34,0.285,77.10%,87,105,105,3.64,4.32,-0.68,4.4,4.3
255,Cole Ragans,KCR,11.46,5.86,1.96,2.55,29.80%,15.20%,14.60%,0.211,1.42,0.233,83.30%,113,147,105,4.84,6.18,-1.34,4.38,4.3
256,Kumar Rocker,TEX,8.49,3.68,2.31,1.34,21.40%,9.30%,12.10%,0.26,1.44,0.307,74.70%,113,107,103,4.61,4.45,0.16,4.29,4.29
257,Carmen Mlodzinski,PIT,7.15,2.89,2.47,0.72,18.20%,7.40%,10.80%,0.264,1.38,0.313,69.50%,91,85,103,3.94,3.6,0.34,4.31,4.29
258,Brandon Sproat,MIL,9.41,4.52,2.08,1.6,24.20%,11.60%,12.60%,0.246,1.42,0.296,72.60%,128,122,102,5.27,5.1,0.17,4.29,4.29
259,Peter Lambert,HOU,8.89,3.8,2.34,0.88,23.10%,9.90%,13.30%,0.218,1.24,0.27,75.90%,89,95,108,3.66,3.89,-0.22,4.49,4.28
260,Joey Cantillo,CLE,9.59,4.57,2.1,1.02,24.50%,11.70%,12.80%,0.253,1.48,0.323,72.30%,92,98,98,3.81,4.02,-0.21,4.06,4.28
261,Braydon Fisher,TOR,8.61,4.76,1.81,0.9,23.60%,13.00%,10.60%,0.201,1.23,0.247,72.00%,78,100,104,3.21,4.2,-0.98,4.32,4.26
262,Craig Kimbrel,3 Tms,8.02,4.01,2,0.84,21.60%,10.80%,10.80%,0.208,1.2,0.25,68.20%,92,97,114,3.8,4.08,-0.28,4.73,4.26
263,Sam Bachman,LAA,9.07,5.32,1.7,1.18,23.20%,13.60%,9.60%,0.202,1.34,0.241,75.50%,100,116,105,4.14,4.76,-0.62,4.37,4.26
264,Gage Jump,ATH,9.62,4.37,2.2,0.97,24.30%,11.10%,13.30%,0.259,1.49,0.332,67.70%,115,90,101,5.15,3.92,1.23,4.17,4.26
265,Matt Waldron,3 Tms,6.96,2.32,3,1.48,17.00%,5.70%,11.30%,0.315,1.59,0.355,64.80%,163,110,109,6.54,4.6,1.94,4.58,4.24
266,Tyler Kinley,2 Tms,8.44,4.13,2.05,1.69,22.80%,11.20%,11.70%,0.208,1.21,0.227,82.30%,85,125,113,3.56,5.16,-1.6,4.73,4.24
267,Hunter Dobbins,STL,8.67,4,2.17,1.17,22.50%,10.40%,12.10%,0.239,1.35,0.288,78.20%,89,104,99,3.67,4.3,-0.63,4.15,4.24
268,Ryan Gusto,MIA,7.71,2.74,2.82,1.12,19.30%,6.80%,12.40%,0.271,1.41,0.317,74.20%,100,98,102,4.23,4.12,0.11,4.27,4.24
269,Cal Quantrill,TEX,6.8,2.23,3.04,1.02,18.60%,6.10%,12.50%,0.217,1.07,0.243,77.80%,68,95,106,2.79,3.96,-1.17,4.42,4.23
270,Cade Gibson,MIA,7.68,4.17,1.84,0.66,18.90%,10.30%,8.60%,0.263,1.49,0.32,58.90%,135,99,107,5.71,4.17,1.54,4.5,4.23
271,Jaden Hill,COL,9.36,5.08,1.84,0.8,22.70%,12.30%,10.40%,0.235,1.49,0.298,71.70%,102,94,111,4.81,4.14,0.68,4.68,4.23
272,Kai-Wei Teng,HOU,8.92,4.03,2.21,1.22,22.20%,10.00%,12.20%,0.244,1.38,0.295,71.30%,115,116,113,4.76,4.75,0.01,4.69,4.23
273,Jack Leiter,TEX,9.34,3.94,2.37,1.58,23.40%,9.90%,13.50%,0.253,1.44,0.301,69.40%,129,114,102,5.29,4.76,0.53,4.25,4.22
274,Freddy Peralta,2 Tms,8.57,3.31,2.59,1.41,21.80%,8.40%,13.40%,0.255,1.37,0.299,68.10%,120,107,102,4.96,4.49,0.47,4.29,4.22
275,Michael Wacha,KCR,7.28,2.24,3.25,1.22,20.10%,6.20%,13.90%,0.228,1.1,0.257,78.30%,79,98,101,3.36,4.09,-0.73,4.21,4.22
276,Zebby Matthews,MIN,7.46,2.54,2.94,1.69,19.90%,6.80%,13.10%,0.251,1.25,0.275,70.50%,112,118,99,4.69,4.83,-0.14,4.11,4.21
277,Brant Hurter,DET,6.39,4.26,1.5,0.36,17.80%,11.90%,5.90%,0.17,1.07,0.203,71.40%,68,89,98,2.84,3.73,-0.89,4.05,4.21
278,Brock Burke,CIN,9.49,5.21,1.82,0.67,24.60%,13.50%,11.10%,0.199,1.31,0.259,70.60%,60,89,110,2.54,3.87,-1.33,4.6,4.21
279,Brendon Little,TOR,13.9,8.34,1.67,1.99,32.40%,19.40%,13.00%,0.299,2.07,0.447,65.00%,182,135,88,7.54,5.65,1.89,3.65,4.21
280,Edwin Díaz,LAD,12.51,6.59,1.9,1.98,24.10%,12.70%,11.40%,0.379,2.56,0.5,59.20%,285,140,125,11.85,6.02,5.83,5.26,4.2
281,Bryan Abreu,HOU,11.29,6.55,1.73,1.15,29.20%,16.90%,12.30%,0.188,1.38,0.25,78.30%,91,113,103,3.76,4.64,-0.88,4.27,4.2
282,Kyle Freeland,COL,7.46,2.03,3.68,1.74,18.60%,5.10%,13.50%,0.294,1.46,0.328,61.90%,135,109,100,6.37,4.77,1.6,4.19,4.2
283,Cole Sands,MIN,8.25,3.75,2.2,2.25,19.60%,8.90%,10.70%,0.3,1.67,0.333,59.50%,198,146,115,8.25,6.01,2.24,4.77,4.19
284,Huascar Brazobán,2 Tms,7.76,4.16,1.86,0.72,21.40%,11.50%,9.90%,0.189,1.13,0.227,75.40%,77,92,97,3.16,3.85,-0.69,4.08,4.19
285,Zac Thornton,NYM,6.92,2.04,3.4,1.49,19.10%,5.60%,13.50%,0.256,1.19,0.282,82.30%,86,107,93,3.53,4.48,-0.95,3.92,4.18
286,Roki Sasaki,LAD,8.82,3.62,2.44,1.66,22.90%,9.40%,13.50%,0.242,1.33,0.279,75.80%,111,113,97,4.6,4.86,-0.26,4.1,4.18
287,Griffin Canning,SDP,9.04,4.18,2.16,1.47,22.70%,10.50%,12.20%,0.27,1.52,0.326,67.70%,147,115,102,5.87,4.79,1.08,4.28,4.18
288,Jason Adam,SDP,6.12,2.23,2.75,1.39,16.40%,6.00%,10.40%,0.242,1.18,0.258,93.90%,63,112,109,2.51,4.67,-2.17,4.57,4.18
289,Alan Rangel,PHI,10.04,4.5,2.23,1.38,23.60%,10.60%,13.00%,0.287,1.69,0.36,71.80%,136,106,110,5.88,4.6,1.29,4.62,4.17
290,Troy Melton,DET,7.39,2.55,2.9,1.06,20.60%,7.10%,13.50%,0.203,1.03,0.23,84.60%,52,94,98,2.2,3.95,-1.75,4.06,4.17
291,Hunter Brown,HOU,9.62,4.76,2.02,1.03,25.50%,12.60%,12.90%,0.213,1.3,0.269,80.60%,80,102,93,3.31,4.18,-0.87,3.88,4.17
292,Casey Mize,2 Tms,7.92,2.22,3.57,1.03,21.60%,6.00%,15.50%,0.228,1.12,0.268,69.50%,89,87,103,3.64,3.61,0.03,4.3,4.16
293,Cam Sanders,2 Tms,11.1,6.29,1.76,0.37,27.80%,15.70%,12.00%,0.193,1.4,0.281,64.60%,122,87,105,5.18,3.63,1.55,4.4,4.16
294,Noah Cameron,KCR,8.05,2.86,2.82,0.93,21.30%,7.60%,13.80%,0.234,1.22,0.28,69.00%,96,88,98,4.08,3.69,0.4,4.08,4.16
295,Tyler Samaniego,BOS,7.52,3.54,2.13,0.44,18.90%,8.90%,10.00%,0.275,1.48,0.339,78.40%,62,85,104,2.66,3.54,-0.88,4.31,4.15
296,Yusei Kikuchi,LAA,9,3.49,2.58,1.29,22.70%,8.80%,13.90%,0.272,1.47,0.331,73.20%,120,103,99,4.96,4.24,0.72,4.1,4.15
297,Brayan Bello,BOS,6.45,3.04,2.12,1.01,16.20%,7.60%,8.60%,0.28,1.46,0.317,66.60%,118,104,99,5.07,4.32,0.74,4.13,4.15
298,Davis Martin,CHW,7.85,2.76,2.85,0.83,20.60%,7.20%,13.40%,0.262,1.32,0.317,72.50%,99,87,97,4.13,3.67,0.46,4.02,4.15
299,José Soriano,2 Tms,8.71,4.04,2.16,0.81,23.10%,10.70%,12.40%,0.229,1.29,0.286,75.50%,85,92,92,3.52,3.81,-0.29,3.81,4.15
300,Yuki Matsui,SDP,9.92,5.2,1.91,0.98,27.10%,14.20%,12.90%,0.162,1.14,0.202,91.90%,49,99,111,1.95,4.14,-2.19,4.67,4.15
301,Chase Silseth,2 Tms,10.46,5.74,1.82,0.84,26.10%,14.30%,11.80%,0.224,1.48,0.299,82.70%,74,98,105,3.04,4.07,-1.03,4.38,4.15
302,Orion Kerkering,PHI,9.38,4.77,1.97,0.66,23.50%,11.90%,11.50%,0.202,1.3,0.259,68.60%,95,90,114,4.12,3.88,0.23,4.78,4.15
303,Spencer Strider,ATL,10.62,4.62,2.3,2.08,27.90%,12.10%,15.80%,0.229,1.36,0.27,72.50%,127,130,104,5.31,5.35,-0.04,4.36,4.15
304,Shane McClanahan,TBR,8.08,2.97,2.72,0.76,21.80%,8.00%,13.80%,0.209,1.12,0.253,68.90%,80,83,97,3.36,3.49,-0.14,4.01,4.13
305,Keaton Winn,SFG,6.91,3.56,1.94,0.63,18.80%,9.70%,9.10%,0.218,1.19,0.258,74.30%,82,95,99,3.35,3.86,-0.51,4.18,4.13
306,Robert Gasser,MIL,8.52,2.8,3.04,1.35,21.80%,7.20%,14.60%,0.249,1.29,0.291,72.70%,111,105,103,4.57,4.36,0.2,4.33,4.13
307,Justin Wrobleski,LAD,7.29,2.03,3.59,1.4,19.80%,5.50%,14.30%,0.23,1.11,0.253,78.20%,88,100,99,3.65,4.3,-0.65,4.16,4.13
308,Jack Flaherty,DET,10.63,4.38,2.43,1.15,26.20%,10.80%,15.40%,0.235,1.41,0.304,67.80%,109,98,107,4.59,4.09,0.5,4.46,4.12
309,Zack Kelly,BOS,7.71,3.86,2,0.55,19.70%,9.90%,9.90%,0.222,1.29,0.271,68.00%,77,88,100,3.31,3.65,-0.34,4.14,4.12
310,Jordan Hicks,CHW,11.23,6.26,1.79,0.86,27.40%,15.30%,12.10%,0.238,1.61,0.327,75.30%,109,95,99,4.54,4.01,0.53,4.1,4.11
311,DL Hall,MIL,9.85,5.47,1.8,0.73,27.80%,15.50%,12.40%,0.141,1.07,0.181,86.80%,53,92,95,2.19,3.85,-1.66,4.01,4.11
312,Andrew Alvarez,WSN,8.54,4.07,2.1,0.5,22.50%,10.70%,11.80%,0.231,1.31,0.296,75.70%,82,79,90,3.47,3.37,0.1,3.8,4.11
313,Mick Abel,MIN,10.18,4.43,2.3,0,24.70%,10.80%,14.00%,0.275,1.57,0.386,74.30%,95,67,104,3.98,2.75,1.23,4.31,4.1
314,Eddy Yean,WSN,5.4,1.8,3,0.9,15.40%,5.10%,10.30%,0.139,0.7,0.138,90.90%,42,96,106,1.8,4.1,-2.3,4.45,4.1
315,Ryan Thompson,ARI,6.42,2.88,2.23,0.66,15.60%,7.00%,8.60%,0.3,1.57,0.348,70.10%,106,93,101,4.43,3.81,0.62,4.26,4.1
316,Anthony Banda,MIN,8.65,3.93,2.2,0.79,21.20%,9.60%,11.50%,0.233,1.34,0.289,70.30%,107,105,121,4.46,4.32,0.14,5.03,4.09
317,Mitchell Parker,WSN,7.71,2.95,2.62,2.04,19.10%,7.30%,11.80%,0.282,1.49,0.308,62.00%,155,128,107,6.58,5.47,1.11,4.49,4.09
318,Pierce Johnson,CIN,7.84,3.27,2.4,1.31,20.30%,8.50%,11.90%,0.241,1.31,0.275,74.60%,102,99,105,4.35,4.33,0.03,4.41,4.09
319,Trevor McDonald,SFG,7.29,2.94,2.48,0.9,18.40%,7.40%,11.00%,0.251,1.31,0.294,64.80%,126,105,98,5.12,4.26,0.86,4.12,4.08
320,Seranthony Domínguez,2 Tms,9.68,5.09,1.9,1.53,25.20%,13.30%,11.90%,0.207,1.32,0.244,74.50%,104,121,105,4.25,5.02,-0.77,4.38,4.08
321,Casey Legumina,2 Tms,6.82,2.27,3,0.57,17.80%,5.90%,11.90%,0.261,1.26,0.311,74.00%,93,85,106,3.84,3.54,0.3,4.41,4.07
322,Angel Chivilli,NYY,8.64,3.78,2.29,2.16,21.90%,9.60%,12.30%,0.215,1.26,0.222,79.30%,91,135,115,3.78,5.74,-1.96,4.79,4.07
323,Tanner Gordon,COL,7.31,1.62,4.5,1.73,18.80%,4.20%,14.60%,0.296,1.4,0.33,71.40%,110,104,105,5.18,4.57,0.6,4.43,4.07
324,Phil Maton,CHC,10.08,5.2,1.94,1.63,22.80%,11.80%,11.00%,0.296,1.81,0.367,75.00%,151,133,103,6.18,5.48,0.7,4.33,4.07
325,Sam Moll,CIN,8.95,4.79,1.87,0.8,21.80%,11.70%,10.10%,0.244,1.49,0.306,65.10%,112,96,99,4.79,4.18,0.61,4.18,4.06
326,Dean Kremer,2 Tms,8.91,3.24,2.75,2.03,23.60%,8.60%,15.00%,0.246,1.31,0.274,62.10%,141,124,97,5.81,5.12,0.68,4.03,4.06
327,Kenley Jansen,DET,10.51,5.02,2.1,1.67,28.00%,13.40%,14.60%,0.176,1.19,0.2,76.70%,91,116,109,3.82,4.85,-1.02,4.51,4.06
328,Bryan King,HOU,7.33,3.17,2.32,1.33,18.20%,7.90%,10.30%,0.267,1.43,0.303,72.40%,113,116,106,4.67,4.78,-0.11,4.39,4.06
329,Trevor Richards,2 Tms,8.17,2.9,2.82,1.32,22.10%,7.80%,14.20%,0.212,1.13,0.241,77.80%,82,98,110,3.42,4.15,-0.72,4.59,4.05
330,Ryan Watson,2 Tms,7.54,3.02,2.5,1.1,19.40%,7.80%,11.70%,0.244,1.29,0.282,72.90%,99,100,105,4.25,4.15,0.1,4.38,4.05
331,George Soriano,STL,9,4.43,2.03,1.48,23.10%,11.40%,11.70%,0.221,1.33,0.256,77.10%,104,118,103,4.28,4.85,-0.57,4.35,4.05
332,Ryan Rolison,CHC,8.04,3.86,2.08,0.96,22.30%,10.70%,11.60%,0.225,1.23,0.271,80.90%,71,97,97,2.89,3.99,-1.1,4.08,4.05
333,Jalen Beeks,TEX,7.27,2.77,2.63,2.08,18.60%,7.10%,11.50%,0.267,1.38,0.282,90.60%,93,130,100,3.81,5.4,-1.6,4.14,4.05
334,George Kirby,SEA,7.51,2.09,3.59,1.13,19.90%,5.50%,14.40%,0.282,1.34,0.331,73.00%,107,95,94,4.18,3.81,0.37,3.89,4.05
335,Jakob Junis,TEX,6.52,2.23,2.92,0.56,17.40%,6.00%,11.40%,0.237,1.16,0.277,80.30%,68,81,102,2.79,3.39,-0.59,4.23,4.04
336,Camilo Doval,2 Tms,9.28,4.97,1.87,1.16,23.10%,12.40%,10.70%,0.23,1.44,0.281,64.60%,99,107,99,4.14,4.53,-0.39,4.1,4.04
337,Taylor Clarke,ARI,5.34,1.69,3.17,0.84,15.60%,4.90%,10.70%,0.192,0.88,0.205,75.10%,60,93,99,2.53,3.83,-1.3,4.17,4.04
338,Dustin May,2 Tms,8.64,3.06,2.82,0.75,22.60%,8.00%,14.60%,0.256,1.32,0.322,66.60%,114,85,95,4.69,3.5,1.19,3.98,4.03
339,Jonathan Pintaro,NYM,9.38,4.88,1.92,1.5,25.30%,13.10%,12.10%,0.202,1.25,0.236,79.50%,101,121,100,4.13,5.05,-0.93,4.21,4.03
340,Paxton Schultz,WSN,8.91,3.34,2.67,1.39,20.90%,7.80%,13.10%,0.307,1.7,0.369,61.20%,150,101,111,6.4,4.33,2.07,4.65,4.03
341,Eury Pérez,MIA,9.64,3.92,2.46,1.13,26.10%,10.60%,15.50%,0.207,1.18,0.257,73.50%,88,97,99,3.72,4.07,-0.35,4.15,4.03
342,José Urquidy,2 Tms,7.2,2.16,3.33,1.08,17.50%,5.30%,12.30%,0.302,1.52,0.349,58.70%,128,95,107,5.4,4.02,1.38,4.45,4.02
343,Brennan Bernardino,COL,6.44,2.2,2.93,0.63,17.40%,5.90%,11.40%,0.228,1.12,0.264,74.90%,53,79,100,2.51,3.46,-0.95,4.21,4.02
344,Tanner Banks,PHI,9.93,4.03,2.46,2.17,21.90%,8.90%,13.00%,0.338,2,0.404,64.30%,165,124,109,7.14,5.37,1.77,4.57,4.01
345,Joe Boyle,TBR,9.95,4.26,2.33,0.47,25.90%,11.10%,14.80%,0.181,1.16,0.24,43.70%,124,71,98,5.21,2.99,2.22,4.05,4.01
346,Brady Basso,ATH,6.48,1.35,4.8,0.81,16.60%,3.40%,13.10%,0.3,1.41,0.345,70.10%,96,75,94,4.32,3.28,1.04,3.91,4.01
347,Ray Kerr,ATL,5.4,0.9,6,0.9,15.80%,2.60%,13.20%,0.114,0.5,0.107,89.30%,43,99,110,1.8,4.1,-2.3,4.6,4.01
348,Will Warren,NYY,8.78,3.1,2.83,1.32,22.40%,7.90%,14.50%,0.26,1.38,0.31,70.70%,100,98,93,4.16,4.17,-0.01,3.85,4.01
349,David Morgan,SDP,10.8,5.76,1.88,0.72,24.00%,12.80%,11.20%,0.295,1.88,0.397,74.70%,117,99,104,4.68,4.14,0.54,4.36,4
350,Alex Lange,KCR,9.05,4.45,2.04,1.32,22.60%,11.10%,11.50%,0.261,1.5,0.318,64.60%,139,113,104,5.93,4.74,1.18,4.3,4
351,Jordan Romano,2 Tms,10.08,4.88,2.07,0.65,24.80%,12.00%,12.80%,0.22,1.41,0.289,64.50%,112,82,105,4.88,3.53,1.35,4.39,4
352,Logan Webb,SFG,7.16,2.29,3.13,0.66,19.20%,6.10%,13.00%,0.238,1.16,0.283,66.00%,104,85,91,4.21,3.44,0.77,3.83,4
353,Connelly Early,BOS,9.13,3.34,2.74,1.47,23.80%,8.70%,15.10%,0.233,1.25,0.276,86.40%,80,111,99,3.44,4.6,-1.16,4.1,3.99
354,Logan Allen,CLE,8.64,3.24,2.67,1.62,19.80%,7.40%,12.30%,0.315,1.74,0.37,63.40%,143,121,111,5.94,4.96,0.98,4.61,3.99
355,Adam Macko,2 Tms,9.23,4.1,2.25,1.03,22.50%,10.00%,12.50%,0.288,1.59,0.365,74.20%,124,104,109,5.13,4.35,0.78,4.53,3.99
356,Antonio Senzatela,2 Tms,7.36,3.14,2.35,0.68,19.40%,8.30%,11.20%,0.257,1.33,0.309,69.90%,84,83,98,3.82,3.58,0.24,4.13,3.99
357,José Suarez,3 Tms,8.95,3.96,2.26,0.88,22.00%,9.70%,12.30%,0.291,1.61,0.367,63.00%,134,89,100,5.87,3.85,2.02,4.15,3.98
358,Sean Manaea,NYM,8.56,2.88,2.98,1.47,21.70%,7.30%,14.40%,0.262,1.36,0.308,71.90%,114,110,102,4.7,4.61,0.09,4.29,3.98
359,Matthew Liberatore,STL,9.32,3.17,2.94,1.62,23.70%,8.10%,15.60%,0.28,1.47,0.338,67.20%,136,110,95,5.57,4.53,1.04,3.98,3.97
360,Tyler Rogers,TOR,4.95,2.97,1.67,0.14,13.20%,7.90%,5.30%,0.226,1.19,0.261,74.40%,44,78,101,1.84,3.28,-1.45,4.19,3.97
361,Tyler Mahle,2 Tms,8.71,3.02,2.88,1.22,23.20%,8.10%,15.20%,0.25,1.29,0.302,74.20%,104,98,91,4.25,4.01,0.24,3.81,3.97
362,Grant Anderson,MIL,7.99,3.36,2.38,1.28,22.30%,9.40%,12.90%,0.208,1.12,0.236,70.10%,85,104,104,3.51,4.34,-0.82,4.37,3.97
363,Trevor Rogers,BAL,8.23,2.31,3.57,1,21.90%,6.10%,15.80%,0.25,1.23,0.301,67.50%,105,85,96,4.3,3.54,0.76,4,3.97
364,Ryne Stanek,STL,9.43,4.55,2.07,1.46,24.60%,11.90%,12.70%,0.232,1.37,0.279,76.10%,103,114,98,4.23,4.69,-0.46,4.12,3.96
365,Mason Englert,TBR,8.07,2.02,4,2.27,20.40%,5.10%,15.30%,0.291,1.43,0.318,83.80%,108,127,103,4.54,5.34,-0.8,4.26,3.96
366,Nick Frasso,COL,9,3.46,2.6,0,22.00%,8.50%,13.60%,0.245,1.38,0.325,68.40%,73,56,106,3.46,2.48,0.98,4.45,3.96
367,Mitch Farris,LAA,9.5,4.47,2.13,1.68,24.30%,11.40%,12.90%,0.276,1.55,0.336,80.40%,103,120,100,4.28,4.96,-0.67,4.16,3.95
368,Ranger Suarez,BOS,8.4,2.76,3.05,0.55,22.50%,7.40%,15.10%,0.24,1.22,0.303,73.00%,80,75,90,3.44,3.1,0.34,3.71,3.95
369,Kyle Leahy,STL,8.21,2.64,3.11,0.9,21.70%,7.00%,14.70%,0.261,1.31,0.318,82.80%,76,87,89,3.13,3.57,-0.44,3.73,3.95
370,Clay Holmes,2 Tms,6.94,2.98,2.33,0.44,19.30%,8.30%,11.00%,0.201,1.07,0.242,83.70%,51,77,86,2.09,3.22,-1.12,3.6,3.92
371,Jack Perkins,ATH,10.62,4.3,2.47,1.65,25.70%,10.40%,15.30%,0.263,1.54,0.33,61.90%,145,111,105,6.5,4.85,1.64,4.38,3.91
372,Foster Griffin,2 Tms,7.97,2.3,3.46,1.29,21.60%,6.20%,15.40%,0.234,1.14,0.269,79.30%,77,97,91,3.26,4.11,-0.85,3.81,3.91
373,Alec Gamboa,BOS,6.23,2.42,2.57,0.35,18.00%,7.00%,11.00%,0.185,0.92,0.219,89.00%,24,76,94,1.04,3.13,-2.1,3.91,3.91
374,Jake Bennett,BOS,7.31,1.63,4.5,0.81,20.50%,4.60%,15.90%,0.225,1.02,0.264,72.50%,78,79,90,3.34,3.28,0.06,3.74,3.91
375,Cody Laweryson,MIN,9.72,4.32,2.25,1.62,23.10%,10.30%,12.80%,0.221,1.38,0.255,62.50%,117,124,105,4.86,5.08,-0.22,4.36,3.91
376,Orlando Ribalta,WSN,8.79,3.77,2.33,1.05,23.60%,10.10%,13.50%,0.213,1.21,0.257,68.90%,89,91,105,3.77,3.91,-0.14,4.4,3.9
377,Jordan Wicks,CHC,6.97,1.74,4,0.87,16.00%,4.00%,12.00%,0.383,1.94,0.447,45.90%,256,89,96,10.45,3.68,6.78,4.02,3.9
378,Connor Prielipp,MIN,9.61,3.46,2.78,1.13,24.70%,8.90%,15.80%,0.252,1.37,0.318,60.90%,127,95,94,5.28,3.91,1.37,3.9,3.9
379,Gabe Speier,SEA,8.01,3.2,2.5,0.92,21.60%,8.60%,13.00%,0.196,1.07,0.231,82.10%,65,102,107,2.52,4.09,-1.57,4.45,3.89
380,Hunter Gaddis,CLE,8.7,3.44,2.53,0.91,22.60%,9.00%,13.70%,0.22,1.23,0.268,83.90%,70,92,106,2.9,3.74,-0.84,4.4,3.89
381,Victor Mederos,ATL,8.79,3.45,2.55,0.31,23.30%,9.20%,14.20%,0.196,1.12,0.256,76.70%,68,71,108,2.83,2.96,-0.13,4.55,3.89
382,Robby Ahlstrom,TEX,8.13,2.88,2.82,1.83,20.50%,7.30%,13.20%,0.27,1.4,0.303,63.10%,154,124,104,6.29,5.16,1.13,4.31,3.88
383,Christian Scott,NYM,10.74,4.18,2.57,0.95,27.40%,10.70%,16.70%,0.223,1.31,0.297,77.30%,93,90,95,3.8,3.76,0.04,3.98,3.88
384,Beck Way,KCR,8.1,3.86,2.1,1.54,20.00%,9.50%,10.50%,0.287,1.59,0.333,77.20%,90,118,93,3.86,4.94,-1.08,3.87,3.88
385,Jovani Morán,BOS,9.82,4.6,2.13,1.38,26.00%,12.20%,13.80%,0.182,1.18,0.213,80.50%,82,110,100,3.53,4.54,-1.02,4.17,3.87
386,Fernando Cruz,NYY,11.03,5.27,2.09,1.15,28.60%,13.70%,15.00%,0.205,1.34,0.27,79.80%,75,98,108,3.13,4.17,-1.05,4.5,3.87
387,MacKenzie Gore,TEX,9.83,3.49,2.82,1.05,25.50%,9.00%,16.40%,0.235,1.29,0.298,73.20%,105,89,93,4.31,3.72,0.58,3.88,3.87
388,Evan Sisk,PIT,10.13,4.85,2.09,0.42,25.80%,12.40%,13.40%,0.214,1.31,0.298,80.40%,73,88,105,3.16,3.7,-0.54,4.4,3.87
389,Jake Woodford,2 Tms,7.86,2.39,3.29,1.37,18.30%,5.60%,12.70%,0.336,1.78,0.391,62.80%,174,99,92,7.18,4.12,3.06,3.86,3.86
390,Shane Drohan,MIL,9.05,3.07,2.95,0.94,23.80%,8.10%,15.70%,0.252,1.31,0.316,70.90%,99,86,93,4.09,3.6,0.49,3.9,3.85
391,Max Fried,NYY,8.18,2.73,3,0.28,23.60%,7.90%,15.80%,0.196,0.99,0.255,73.30%,65,63,88,2.73,2.66,0.07,3.64,3.85
392,Beau Brieske,DET,8.31,3.46,2.4,2.08,22.20%,9.30%,13.00%,0.245,1.31,0.265,62.50%,149,129,97,6.23,5.4,0.83,4.03,3.84
393,Aaron Nola,PHI,9.55,3.1,3.08,1.95,24.60%,8.00%,16.60%,0.266,1.4,0.312,76.60%,114,112,90,4.93,4.84,0.09,3.79,3.84
394,Hagen Smith,CHW,13.15,6.92,1.9,0.69,35.80%,18.90%,17.00%,0.116,1.15,0.174,95.60%,17,83,82,0.69,3.48,-2.79,3.41,3.84
395,Taj Bradley,MIN,10.39,3.84,2.71,1.3,27.30%,10.10%,17.20%,0.221,1.26,0.278,78.10%,95,98,93,3.95,4.02,-0.06,3.87,3.83
396,Andrew Morris,MIN,8.21,3.06,2.68,0.56,21.10%,7.90%,13.20%,0.254,1.35,0.316,65.90%,93,78,97,3.9,3.19,0.71,4.04,3.83
397,Emerson Hancock,SEA,8.18,2.08,3.94,1.3,22.30%,5.70%,16.60%,0.239,1.14,0.278,79.60%,92,100,94,3.57,4,-0.43,3.89,3.83
398,Sonny Gray,BOS,8.06,2.39,3.38,0.9,22.10%,6.50%,15.50%,0.239,1.16,0.288,84.30%,63,84,87,2.69,3.49,-0.81,3.6,3.83
399,Emilio Pagán,CIN,9.17,2.48,3.7,1.73,24.50%,6.60%,17.90%,0.212,1.07,0.237,81.30%,93,108,114,3.96,4.72,-0.76,4.79,3.82
400,Enmanuel De Jesus,DET,8.29,3.19,2.6,0.64,21.90%,8.40%,13.50%,0.236,1.25,0.294,66.90%,91,81,99,3.83,3.38,0.45,4.1,3.82
401,Anthony Nunez,BAL,9.83,4.47,2.2,0.89,25.20%,11.50%,13.80%,0.215,1.31,0.275,65.60%,105,92,95,4.29,3.81,0.48,3.96,3.82
402,Alex Vesia,LAD,11.29,5.47,2.06,0.71,29.90%,14.50%,15.40%,0.158,1.18,0.217,77.20%,72,80,99,3,3.43,-0.43,4.18,3.81
403,Andrew Kittredge,BAL,7.57,2.25,3.36,1.02,18.90%,5.60%,13.30%,0.27,1.39,0.315,64.80%,80,88,94,3.27,3.64,-0.37,3.91,3.8
404,Calvin Faucher,MIA,9.7,4.92,1.97,0.15,25.10%,12.70%,12.40%,0.211,1.33,0.293,63.70%,89,70,89,3.73,2.95,0.78,3.73,3.8
405,Lake Bachar,2 Tms,9.27,3.71,2.5,1.51,25.20%,10.10%,15.10%,0.186,1.08,0.209,79.10%,85,111,102,3.59,4.64,-1.05,4.31,3.8
406,Michael Soroka,ARI,8.59,2.27,3.79,0.57,23.00%,6.10%,17.00%,0.238,1.16,0.302,74.60%,81,72,89,3.4,2.95,0.45,3.73,3.8
407,Bryce Miller,SEA,8.67,2.37,3.65,1.55,23.90%,6.50%,17.40%,0.227,1.11,0.26,72.20%,103,106,94,4.01,4.23,-0.22,3.9,3.79
408,Keegan Thompson,COL,8.25,1.5,5.5,0.75,19.30%,3.50%,15.80%,0.345,1.75,0.419,51.00%,175,65,99,8.25,2.85,5.4,4.15,3.79
409,Mason Fluharty,TOR,9.79,4.11,2.38,0.95,25.70%,10.80%,14.90%,0.215,1.26,0.274,80.50%,80,89,102,3.32,3.71,-0.39,4.22,3.78
410,AJ Blubaugh,HOU,9.1,3.58,2.54,1.13,24.60%,9.70%,14.90%,0.209,1.17,0.253,81.50%,74,96,102,3.07,3.96,-0.89,4.25,3.77
411,Yohan Ramírez,PIT,10.61,5.07,2.09,0.47,27.10%,13.00%,14.20%,0.199,1.28,0.279,74.70%,74,85,94,3.18,3.58,-0.4,3.97,3.76
412,Max Meyer,MIA,9.81,3.32,2.95,0.89,26.20%,8.90%,17.30%,0.205,1.14,0.262,79.90%,64,83,89,2.68,3.5,-0.83,3.73,3.75
413,Nolan McLean,NYM,9.96,3.62,2.75,0.84,26.70%,9.70%,17.00%,0.203,1.14,0.264,74.30%,75,85,87,3.06,3.57,-0.51,3.66,3.75
414,Paul Sewald,2 Tms,9.59,2.35,4.08,2.35,25.70%,6.30%,19.40%,0.21,1.07,0.217,65.30%,126,130,109,5.28,5.33,-0.05,4.56,3.75
415,Paul Blackburn,NYY,7.47,3.22,2.32,0.8,21.30%,9.20%,12.10%,0.192,1.03,0.225,88.60%,41,87,92,1.72,3.71,-1.98,3.8,3.74
416,Justin Sterner,ATH,8.44,2.74,3.08,2.32,21.70%,7.10%,14.70%,0.269,1.38,0.292,64.20%,137,126,100,6.12,5.49,0.63,4.15,3.74
417,Brock Stewart,LAD,8.27,3.48,2.38,0.87,23.80%,10.00%,13.80%,0.167,0.97,0.196,69.80%,63,86,94,2.61,3.68,-1.06,3.95,3.74
418,Graham Ashcraft,CIN,10.67,5.33,2,0.67,29.40%,14.70%,14.70%,0.183,1.22,0.254,72.80%,78,79,85,3.33,3.47,-0.13,3.56,3.74
419,Blas Castaño,COL,7.48,2.49,3,1.66,19.80%,6.60%,13.20%,0.301,1.43,0.344,80.30%,88,113,95,4.15,4.94,-0.79,4,3.73
420,Sean Newcomb,CHW,8.16,3.09,2.64,0.22,22.40%,8.50%,13.90%,0.203,1.08,0.265,74.80%,58,69,94,2.42,2.89,-0.46,3.92,3.73
421,Kevin Gausman,2 Tms,9.15,2.44,3.75,1.16,24.20%,6.40%,17.70%,0.251,1.26,0.308,68.30%,106,86,89,4.38,3.58,0.8,3.69,3.73
422,Julian Garcia,CIN,8.55,3.38,2.53,1.58,25.00%,9.90%,15.10%,0.169,0.95,0.176,82.20%,74,107,100,3.15,4.67,-1.52,4.2,3.73
423,Shota Imanaga,CHC,8.75,2.01,4.34,1.9,23.90%,5.50%,18.40%,0.235,1.12,0.26,82.30%,96,113,92,3.91,4.68,-0.77,3.89,3.72
424,Brad Keller,PHI,9.19,3.73,2.46,1.15,23.70%,9.60%,14.10%,0.242,1.34,0.298,75.50%,93,96,95,4.02,4.15,-0.13,3.98,3.72
425,Sean Burke,CHW,9.72,3.14,3.09,1.05,26.30%,8.50%,17.80%,0.215,1.14,0.271,80.10%,77,87,95,3.2,3.65,-0.45,3.93,3.72
426,Riley O'Brien,STL,9,3.79,2.38,0.47,23.20%,9.80%,13.40%,0.222,1.25,0.289,67.70%,100,87,95,4.11,3.57,0.54,4,3.71
427,Matt Brash,SEA,8.1,3.24,2.5,0,23.40%,9.40%,14.10%,0.145,0.84,0.2,88.20%,14,73,96,0.54,2.92,-2.38,4,3.71
428,Connor Brogdon,CLE,8.22,1.76,4.67,2.93,20.90%,4.50%,16.40%,0.219,1.11,0.2,50.00%,127,149,104,5.28,6.1,-0.81,4.31,3.71
429,Drew Rom,2 Tms,12.71,5.56,2.29,0.79,28.60%,12.50%,16.10%,0.306,1.94,0.438,68.00%,145,77,99,6.35,3.27,3.08,4.12,3.69
430,Anthony Molina,2 Tms,6.98,1.4,5,1.4,20.30%,4.10%,16.20%,0.197,0.88,0.208,62.50%,68,99,85,2.79,4.03,-1.23,3.57,3.69
431,Craig Yoho,2 Tms,9.36,3.74,2.5,1.6,24.80%,9.90%,14.90%,0.194,1.13,0.217,76.70%,103,117,99,4.28,4.85,-0.57,4.14,3.68
432,Wilber Dotel,PIT,9.68,4.11,2.36,0.59,25.40%,10.80%,14.60%,0.233,1.34,0.309,62.80%,102,75,88,4.4,3.16,1.24,3.69,3.68
433,José A. Ferrer,SEA,7.02,2.59,2.71,0.92,17.60%,6.50%,11.10%,0.273,1.39,0.317,79.10%,94,101,97,3.66,4.03,-0.37,4.03,3.67
434,Austin Warren,NYM,10.45,4.35,2.4,1.31,25.80%,10.80%,15.10%,0.258,1.5,0.33,74.20%,117,103,92,4.79,4.33,0.46,3.86,3.67
435,Enyel De Los Santos,HOU,8.24,2.43,3.39,1.08,22.00%,6.50%,15.50%,0.236,1.19,0.28,64.00%,105,90,98,4.32,3.68,0.64,4.09,3.67
436,Cooper Criswell,SEA,6.55,2.73,2.4,0.82,18.00%,7.50%,10.50%,0.254,1.24,0.295,74.10%,84,96,92,3.27,3.82,-0.55,3.83,3.67
437,Chase Dollander,COL,9.61,3.68,2.61,1.23,24.90%,9.50%,15.30%,0.232,1.3,0.287,79.50%,82,95,94,3.89,4.16,-0.28,3.93,3.67
438,Tyler Holton,DET,7.23,2.32,3.12,1.09,19.10%,6.10%,12.90%,0.266,1.29,0.308,81.20%,68,97,94,2.86,4.07,-1.2,3.88,3.66
439,Emmet Sheehan,LAD,10.2,2.83,3.6,1.89,26.20%,7.30%,18.90%,0.249,1.29,0.297,71.80%,127,111,94,5.29,4.75,0.53,3.97,3.66
440,Alex McFarlane,PHI,8.74,3.97,2.2,0,25.00%,11.40%,13.60%,0.154,0.97,0.214,72.70%,18,57,84,0.79,2.48,-1.68,3.54,3.65
441,Mason Adams,COL,11.2,3.95,2.83,2.63,28.80%,10.20%,18.60%,0.302,1.61,0.375,97.60%,84,131,85,3.95,5.73,-1.78,3.58,3.64
442,Brad Lord,WSN,8.63,3.58,2.41,0.99,22.50%,9.30%,13.20%,0.207,1.18,0.249,77.00%,84,96,91,3.58,4.08,-0.51,3.83,3.64
443,Eduard Bazardo,SEA,9.15,3.05,3,1.31,23.40%,7.80%,15.60%,0.267,1.4,0.326,82.20%,86,101,97,3.34,4.01,-0.68,4.02,3.64
444,Brent Suter,2 Tms,7.81,2.68,2.92,0.89,20.60%,7.10%,13.60%,0.258,1.3,0.309,69.60%,89,87,86,3.68,3.58,0.1,3.58,3.64
445,Hogan Harris,ATH,12.03,5.58,2.16,0.88,29.70%,13.80%,15.90%,0.223,1.47,0.317,80.80%,75,87,91,3.38,3.8,-0.42,3.78,3.63
446,Griffin Jax,TBR,9.64,3.05,3.16,1.34,25.50%,8.10%,17.40%,0.243,1.27,0.3,65.40%,91,95,82,3.82,3.96,-0.15,3.41,3.63
447,Tim Hill,NYY,4.02,1.84,2.18,1.51,11.10%,5.10%,6.00%,0.236,1.08,0.229,72.00%,97,125,100,4.02,5.33,-1.31,4.16,3.63
448,Cole Winn,TEX,9.19,3,3.06,1.31,22.80%,7.40%,15.30%,0.273,1.46,0.331,63.70%,138,96,93,5.63,4.01,1.61,3.84,3.63
449,Brandon Woodruff,MIL,9.33,1.99,4.7,0.99,27.00%,5.70%,21.30%,0.172,0.84,0.207,71.90%,72,76,92,2.98,3.18,-0.21,3.88,3.62
450,Travis Adams,MIN,10.05,3.94,2.55,1.38,25.90%,10.20%,15.70%,0.243,1.38,0.303,65.80%,132,102,96,5.52,4.17,1.35,3.99,3.62
451,Colin Holderman,CLE,8.54,3.42,2.5,0.17,22.50%,9.00%,13.50%,0.182,1.04,0.241,73.90%,66,77,100,2.73,3.15,-0.42,4.14,3.62
452,Bryan Hudson,CHW,8.34,2.58,3.24,0.61,22.20%,6.90%,15.30%,0.242,1.21,0.304,76.70%,73,75,93,3.03,3.18,-0.15,3.85,3.61
453,JoJo Romero,2 Tms,8.67,3.15,2.75,1.18,22.30%,8.10%,14.20%,0.243,1.29,0.291,82.40%,82,102,93,3.35,4.19,-0.84,3.9,3.61
454,Kyle Backhus,PHI,9,2.7,3.33,1.35,21.30%,6.40%,14.90%,0.291,1.55,0.349,72.90%,114,98,92,4.95,4.25,0.7,3.88,3.6
455,Garrett Crochet,BOS,11.1,3.3,3.36,1.5,26.80%,8.00%,18.80%,0.268,1.47,0.346,61.00%,147,104,90,6.3,4.3,2,3.74,3.59
456,Hunter Greene,CIN,10.73,2.93,3.67,1.3,27.30%,7.40%,19.80%,0.259,1.37,0.333,49.40%,160,82,85,6.83,3.57,3.27,3.59,3.59
457,Tyler Alexander,TEX,7.88,2.63,3,0.29,20.50%,6.80%,13.60%,0.256,1.3,0.323,71.40%,79,68,91,3.21,2.84,0.37,3.78,3.59
458,Elvis Alvarado,ATH,10.53,4.4,2.39,1.53,28.20%,11.80%,16.40%,0.212,1.26,0.262,76.30%,94,105,100,4.21,4.56,-0.35,4.15,3.58
459,Drew Anderson,DET,9.92,3.63,2.73,1.28,25.70%,9.40%,16.30%,0.234,1.3,0.292,77.70%,89,99,90,3.73,4.14,-0.41,3.73,3.58
460,Brooks Raley,2 Tms,8.82,2.94,3,0.73,24.00%,8.00%,16.00%,0.204,1.08,0.256,81.30%,53,80,94,2.2,3.36,-1.16,3.96,3.58
461,Blake Treinen,LAD,9.78,3.91,2.5,0.78,25.00%,10.00%,15.00%,0.236,1.35,0.306,78.80%,85,81,89,3.52,3.49,0.03,3.73,3.58
462,Jared Jones,PIT,10.53,3.2,3.29,1.37,27.60%,8.40%,19.20%,0.228,1.23,0.286,71.80%,103,92,87,4.46,3.88,0.58,3.64,3.57
463,Luis Medina,ATH,11.31,4.81,2.35,0.99,28.60%,12.10%,16.40%,0.243,1.46,0.333,76.60%,79,86,94,3.53,3.76,-0.22,3.89,3.57
464,Bryan Woo,SEA,9.04,1.88,4.81,1.09,24.60%,5.10%,19.50%,0.231,1.09,0.282,65.40%,109,86,89,4.25,3.43,0.81,3.68,3.57
465,Andrew Nardi,MIA,10.72,4.37,2.45,1.59,27.30%,11.10%,16.20%,0.241,1.41,0.304,73.00%,123,110,96,5.16,4.6,0.57,4.03,3.56
466,Kyle Hart,SDP,8.53,2.95,2.89,0.62,23.20%,8.00%,15.20%,0.209,1.1,0.263,65.10%,97,77,89,3.88,3.23,0.65,3.74,3.56
467,Josh Walker,BAL,9.41,3.27,2.88,0.82,24.50%,8.50%,16.00%,0.247,1.32,0.317,88.20%,50,82,97,2.05,3.41,-1.37,4.01,3.55
468,Ben Brown,CHC,8.6,2.51,3.42,0.26,24.50%,7.20%,17.40%,0.184,0.94,0.243,79.10%,45,60,82,1.85,2.49,-0.64,3.46,3.54
469,Greg Weissert,BOS,9.11,3.04,3,1.35,24.00%,8.00%,16.00%,0.239,1.26,0.287,79.60%,87,100,93,3.71,4.15,-0.43,3.86,3.53
470,Jake Bird,2 Tms,9.54,3.03,3.15,1.4,23.80%,7.60%,16.30%,0.273,1.42,0.336,71.70%,128,103,99,5.35,4.39,0.96,4.13,3.51
471,Franco Aleman,CLE,10.61,3.86,2.75,0.96,26.80%,9.80%,17.10%,0.264,1.45,0.354,84.00%,81,92,103,3.38,3.74,-0.36,4.28,3.51
472,Caleb Kilian,2 Tms,10.57,4.15,2.55,1.13,26.80%,10.50%,16.30%,0.231,1.36,0.298,62.50%,119,94,90,4.91,3.83,1.08,3.77,3.5
473,Devin Williams,NYM,11.87,4.89,2.43,0.7,28.70%,11.80%,16.90%,0.274,1.66,0.388,65.20%,113,74,86,4.66,3.1,1.56,3.61,3.5
474,José Alvarado,PHI,11.01,4.09,2.7,0.89,26.50%,9.80%,16.70%,0.271,1.54,0.368,67.10%,127,87,97,5.51,3.77,1.74,4.09,3.5
475,Alex Hoppe,2 Tms,9.63,3.76,2.56,0.47,24.80%,9.70%,15.20%,0.224,1.28,0.298,60.20%,109,75,84,4.23,3.04,1.18,3.47,3.5
476,Parker Messick,CLE,9.32,2.43,3.84,0.86,26.10%,6.80%,19.30%,0.208,1.04,0.262,81.30%,61,76,80,2.53,3.11,-0.58,3.32,3.49
477,Ryan Weathers,NYY,9.37,2.49,3.76,1.18,25.20%,6.70%,18.50%,0.247,1.22,0.306,75.40%,87,85,78,3.6,3.61,-0.01,3.24,3.48
478,Will Klein,LAD,10.58,4.54,2.33,0.65,25.90%,11.10%,14.80%,0.267,1.56,0.363,72.10%,88,79,84,3.67,3.41,0.26,3.52,3.48
479,Ty Madden,DET,9.23,3,3.08,0.92,25.00%,8.10%,16.90%,0.2,1.08,0.248,75.50%,83,84,92,3.46,3.53,-0.07,3.82,3.47
480,Jeremiah Estrada,SDP,11.03,4.65,2.38,0.58,30.20%,12.70%,17.50%,0.182,1.16,0.257,60.20%,87,72,86,3.48,3.03,0.45,3.6,3.47
481,Tyler Wells,2 Tms,8.87,2.19,4.06,1.03,25.60%,6.30%,19.30%,0.183,0.9,0.218,78.10%,60,82,98,2.44,3.42,-0.98,4.05,3.47
482,Logan Gilbert,SEA,9.6,2.29,4.19,1.42,26.60%,6.40%,20.30%,0.218,1.07,0.262,78.10%,95,97,85,3.71,3.87,-0.16,3.54,3.47
483,Kyle Hurt,LAD,11.54,4.74,2.43,1.03,29.30%,12.00%,17.30%,0.222,1.37,0.302,70.40%,104,85,88,4.33,3.67,0.66,3.7,3.47
484,Kirby Yates,2 Tms,10.66,3.86,2.76,0.68,27.80%,10.10%,17.80%,0.209,1.21,0.286,75.30%,82,80,100,3.4,3.3,0.11,4.18,3.47
485,Cionel Pérez,2 Tms,8.86,3.46,2.56,1.51,22.70%,8.80%,13.80%,0.267,1.44,0.316,71.70%,119,106,83,4.97,4.46,0.5,3.51,3.46
486,Michael Petersen,MIA,10.52,4.08,2.58,0.78,28.60%,11.10%,17.50%,0.19,1.13,0.256,72.10%,78,81,96,3.3,3.41,-0.11,4.04,3.46
487,Cole Sulser,TBR,9.32,2.72,3.43,1.17,24.40%,7.10%,17.30%,0.257,1.32,0.318,60.80%,116,86,91,4.86,3.61,1.24,3.78,3.45
488,Gerrit Cole,NYY,9.52,1.9,5,1.13,25.80%,5.20%,20.70%,0.231,1.11,0.287,78.90%,79,78,86,3.29,3.3,-0.01,3.56,3.45
489,Reiver Sanmartin,SFG,6.98,2.79,2.5,1.4,18.10%,7.20%,10.80%,0.247,1.29,0.271,62.50%,115,111,83,4.66,4.49,0.16,3.49,3.45
490,Payton Tolle,BOS,10.1,2.54,3.97,1.03,27.70%,7.00%,20.80%,0.219,1.1,0.281,76.40%,75,79,88,3.23,3.28,-0.05,3.64,3.45
491,Nathan Eovaldi,TEX,9.29,2.17,4.28,1.63,24.70%,5.80%,18.90%,0.248,1.21,0.293,76.50%,103,102,81,4.21,4.26,-0.06,3.34,3.45
492,Chase Burns,CIN,10.59,3.1,3.42,0.93,28.90%,8.40%,20.40%,0.218,1.16,0.29,80.40%,65,72,82,2.79,3.14,-0.35,3.43,3.44
493,Ryan Fernandez,STL,10.96,4.3,2.55,0.78,28.00%,11.00%,17.00%,0.213,1.3,0.288,58.80%,86,78,84,3.52,3.23,0.3,3.54,3.44
494,Ryan Zeferjahn,2 Tms,12.17,5.18,2.35,0.98,31.10%,13.20%,17.90%,0.184,1.24,0.257,72.00%,98,96,91,4.06,3.95,0.11,3.8,3.44
495,Jonathan Loáisiga,ARI,6.59,1.73,3.82,0.47,18.90%,5.00%,14.00%,0.219,0.99,0.261,76.20%,56,72,85,2.35,2.94,-0.58,3.57,3.44
496,Dylan Dodd,ATL,9.34,2.84,3.29,0.81,26.70%,8.10%,18.60%,0.167,0.9,0.208,87.90%,49,79,94,2.03,3.28,-1.25,3.97,3.43
497,Peyton Gray,TEX,9.49,2.62,3.63,1.47,23.80%,6.60%,17.20%,0.244,1.29,0.291,73.30%,96,100,93,3.93,4.15,-0.22,3.86,3.43
498,Yoshinobu Yamamoto,LAD,8.78,2.07,4.24,0.98,25.40%,6.00%,19.40%,0.186,0.9,0.224,80.70%,64,78,79,2.67,3.36,-0.69,3.31,3.43
499,A.J. Minter,2 Tms,7.85,1.47,5.33,1.23,22.10%,4.10%,17.90%,0.21,0.95,0.238,93.10%,42,89,94,1.72,3.7,-1.98,3.94,3.43
500,Garrett Cleavinger,TBR,11.76,4.79,2.45,1.31,29.80%,12.20%,17.70%,0.236,1.43,0.32,72.20%,114,98,86,4.79,4.11,0.68,3.57,3.42
501,Joe Ryan,MIN,9.88,1.93,5.11,1.22,26.40%,5.20%,21.20%,0.236,1.14,0.295,68.40%,88,83,87,3.65,3.42,0.23,3.62,3.41
502,Luis Mey,CIN,13.32,5.76,2.31,0.72,32.20%,13.90%,18.30%,0.219,1.48,0.333,78.00%,93,79,89,3.96,3.46,0.5,3.74,3.4
503,Jordan Montgomery,TEX,7.8,2.4,3.25,1.8,19.70%,6.10%,13.60%,0.279,1.4,0.311,67.40%,147,119,86,6,4.96,1.04,3.57,3.39
504,Kevin Ginkel,ARI,8.9,2.45,3.63,1.07,24.40%,6.70%,17.60%,0.225,1.13,0.274,64.10%,99,85,91,4.14,3.49,0.65,3.81,3.39
505,Steven Cruz,KCR,9.74,3.25,3,2.05,25.90%,8.60%,17.30%,0.232,1.23,0.264,82.00%,100,123,89,4.27,5.15,-0.87,3.7,3.39
506,Matt Festa,CLE,9.7,2.69,3.61,0.9,24.70%,6.80%,17.90%,0.259,1.33,0.333,72.20%,93,84,97,3.88,3.43,0.45,4.01,3.38
507,Tommy Nance,2 Tms,9.75,3.48,2.8,1.05,25.20%,9.00%,16.20%,0.249,1.35,0.317,75.10%,92,88,81,3.83,3.66,0.18,3.37,3.37
508,Tejay Antone,CIN,9.63,2.83,3.4,1.13,24.90%,7.30%,17.60%,0.212,1.13,0.26,73.60%,84,90,95,3.59,3.91,-0.33,3.99,3.37
509,Rico Garcia,BAL,9.3,3,3.1,1.35,26.20%,8.40%,17.70%,0.177,0.97,0.201,75.90%,77,98,90,3.15,4.08,-0.93,3.74,3.36
510,Reid Detmers,LAA,10.11,2.44,4.14,0.94,28.00%,6.80%,21.20%,0.212,1.06,0.275,72.90%,83,75,83,3.44,3.1,0.34,3.43,3.36
511,Blake Weiman,LAA,8.71,0.87,10,0.87,20.80%,2.10%,18.80%,0.319,1.55,0.389,75.30%,63,66,84,2.61,2.71,-0.1,3.49,3.35
512,Dylan Smith,SFG,11.65,4.26,2.73,0.85,29.70%,10.90%,18.80%,0.223,1.33,0.312,75.40%,77,83,92,3.13,3.35,-0.22,3.88,3.35
513,Robert Suarez,ATL,7.31,1.69,4.33,0.28,21.50%,5.00%,16.50%,0.183,0.84,0.227,97.70%,13,59,81,0.56,2.44,-1.88,3.4,3.35
514,Jacob Webb,CHC,9.75,3.15,3.1,1.2,25.70%,8.30%,17.40%,0.229,1.23,0.285,79.90%,77,91,83,3.15,3.76,-0.61,3.49,3.35
515,Chase Shugart,PHI,10.6,3.6,2.94,2,27.70%,9.40%,18.30%,0.231,1.27,0.274,76.60%,106,118,96,4.6,5.1,-0.5,4.02,3.35
516,Raisel Iglesias,ATL,9.35,2.77,3.38,0.87,25.70%,7.60%,18.10%,0.228,1.15,0.291,77.80%,66,79,88,2.77,3.25,-0.48,3.71,3.34
517,José Fermin,LAA,10.73,4.07,2.64,1.11,27.50%,10.40%,17.10%,0.222,1.29,0.289,80.20%,76,95,84,3.14,3.92,-0.77,3.49,3.34
518,Steven Okert,HOU,9.04,1.86,4.86,0.93,26.10%,5.40%,20.70%,0.185,0.87,0.226,86.50%,52,79,96,2.13,3.23,-1.1,3.98,3.33
519,Ryan Helsley,BAL,12.33,5.28,2.33,1.76,30.90%,13.20%,17.60%,0.22,1.43,0.286,73.00%,101,112,77,4.11,4.66,-0.55,3.2,3.32
520,Raymond Burgos,BOS,6.28,0.63,10,1.26,18.50%,1.90%,16.70%,0.208,0.84,0.22,43.50%,117,90,87,5.02,3.72,1.3,3.59,3.31
521,Shohei Ohtani,LAD,9.98,2.73,3.65,0.42,27.90%,7.60%,20.30%,0.179,0.95,0.244,81.10%,43,61,77,1.79,2.61,-0.82,3.23,3.31
522,Daniel Palencia,CHC,10.29,3,3.43,1.71,26.10%,7.60%,18.50%,0.286,1.48,0.357,75.80%,126,107,87,5.14,4.43,0.71,3.68,3.31
523,Braxton Ashcraft,PIT,9.42,1.91,4.94,1.2,25.90%,5.20%,20.70%,0.232,1.09,0.286,73.00%,85,83,75,3.65,3.49,0.15,3.17,3.3
524,Gregory Soto,PIT,10.41,3.62,2.88,0.75,27.90%,9.70%,18.20%,0.187,1.09,0.248,71.00%,73,78,87,3.17,3.28,-0.11,3.66,3.3
525,Scott Blewett,2 Tms,8.53,2.84,3,0,22.40%,7.50%,15.00%,0.253,1.3,0.333,72.70%,56,50,77,2.49,2.15,0.34,3.22,3.29
526,Bryan Baker,TBR,9.82,3.27,3,0.65,27.60%,9.20%,18.40%,0.159,0.93,0.206,86.50%,39,73,86,1.64,3.06,-1.42,3.57,3.28
527,Brandon Eisert,2 Tms,10.25,3,3.42,1.5,26.10%,7.60%,18.50%,0.262,1.39,0.327,60.10%,143,94,81,6,3.98,2.02,3.37,3.28
528,Abner Uribe,MIL,9.12,3.22,2.83,0.54,25.90%,9.10%,16.80%,0.18,0.99,0.234,85.50%,48,71,80,1.97,2.98,-1.01,3.37,3.28
529,Blake Snell,LAD,12.09,3.94,3.07,0,32.60%,10.60%,22.00%,0.179,1.09,0.284,77.80%,47,42,71,1.97,1.81,0.15,2.99,3.27
530,Bryse Wilson,3 Tms,7.86,0.79,10,0.79,20.70%,2.10%,18.60%,0.293,1.28,0.355,76.60%,89,70,82,3.67,2.92,0.75,3.45,3.27
531,Jack Anderson,2 Tms,8.76,2.19,4,0.73,25.00%,6.30%,18.80%,0.222,1.05,0.281,86.20%,51,71,84,2.19,2.93,-0.74,3.47,3.27
532,Paul Skenes,PIT,10.76,2.65,4.07,0.9,28.90%,7.10%,21.80%,0.228,1.16,0.306,67.10%,92,73,79,3.97,3.07,0.9,3.32,3.27
533,Drew Rasmussen,TBR,9.16,1.58,5.78,0.82,26.10%,4.50%,21.60%,0.199,0.91,0.249,75.20%,68,70,78,2.88,2.91,-0.04,3.23,3.27
534,Spencer Miles,TOR,8.19,2.21,3.71,0.53,22.70%,6.10%,16.60%,0.22,1.07,0.276,74.40%,69,67,77,2.84,2.8,0.03,3.21,3.25
535,Joe Mantiply,TOR,7.71,1.71,4.5,0.86,21.40%,4.80%,16.70%,0.253,1.14,0.305,85.60%,62,80,80,2.57,3.33,-0.76,3.32,3.24
536,Zack Wheeler,PHI,10.76,2.84,3.79,1.32,29.80%,7.90%,21.90%,0.208,1.08,0.265,82.10%,75,84,74,3.23,3.65,-0.41,3.13,3.24
537,Grant Wolfram,BAL,10.23,2.86,3.57,0.61,25.80%,7.20%,18.60%,0.261,1.36,0.35,58.50%,125,71,90,5.11,2.94,2.18,3.73,3.24
538,Michael Rucker,SEA,10.44,3.31,3.15,1.53,26.10%,8.30%,17.80%,0.261,1.42,0.326,48.20%,177,107,82,6.88,4.26,2.62,3.41,3.23
539,Cade Cavalli,WSN,10.49,2.61,4.02,0.96,27.90%,6.90%,21.00%,0.234,1.18,0.309,76.20%,73,77,75,3.12,3.29,-0.17,3.15,3.23
540,Caleb Thielbar,CHC,11.08,3.43,3.24,2.22,29.10%,9.00%,20.10%,0.24,1.3,0.286,75.70%,123,122,91,5.04,5.04,-0.01,3.83,3.23
541,Tim Mayza,PHI,8.8,2.24,3.93,0.9,24.50%,6.20%,18.30%,0.222,1.08,0.275,72.90%,76,75,78,3.28,3.23,0.05,3.28,3.22
542,Edgardo Henriquez,LAD,10.48,3.65,2.87,0.16,29.50%,10.30%,19.20%,0.159,0.95,0.234,63.10%,65,59,87,2.7,2.53,0.17,3.66,3.22
543,Will Vest,DET,9.11,3.38,2.7,0.68,23.30%,8.60%,14.70%,0.269,1.43,0.347,48.40%,145,81,83,6.08,3.4,2.68,3.44,3.21
544,Sammy Peralta,2 Tms,12.75,3.75,3.4,2.25,28.30%,8.30%,20.00%,0.327,1.83,0.438,72.10%,174,131,96,7.5,5.51,1.99,4.02,3.2
545,Pete Fairbanks,MIA,12.72,4.24,3,1.79,32.20%,10.70%,21.50%,0.219,1.31,0.289,58.00%,143,107,94,6.02,4.48,1.54,3.96,3.2
546,Kyle Harrison,MIL,10.93,2.44,4.48,1.6,29.10%,6.50%,22.60%,0.239,1.2,0.302,81.60%,84,93,76,3.45,3.9,-0.45,3.21,3.2
547,Burch Smith,DET,10.59,3.71,2.86,1.06,27.40%,9.60%,17.80%,0.273,1.47,0.364,76.60%,76,84,75,3.18,3.51,-0.33,3.13,3.17
548,Mark Leiter Jr.,ATH,10.16,2.94,3.45,0.53,26.40%,7.60%,18.80%,0.256,1.31,0.348,70.80%,95,68,84,4.28,2.95,1.33,3.47,3.17
549,William Kempner,MIA,10.22,2.92,3.5,0.73,28.00%,8.00%,20.00%,0.182,0.97,0.241,79.40%,69,80,92,2.92,3.34,-0.42,3.87,3.17
550,Luke Weaver,2 Tms,9.45,2.53,3.73,0.51,26.70%,7.10%,19.50%,0.181,0.94,0.239,75.30%,60,64,85,2.53,2.68,-0.15,3.59,3.16
551,Brett Kerry,LAA,7.9,1.32,6,0.66,22.20%,3.70%,18.50%,0.212,0.95,0.256,60.30%,95,66,80,3.95,2.73,1.22,3.32,3.15
552,Evan Phillips,LAD,10.07,2.29,4.4,1.83,26.50%,6.00%,20.50%,0.247,1.22,0.294,82.50%,88,103,91,3.66,4.42,-0.76,3.84,3.15
553,Daniel Duarte,NYM,9,2.08,4.33,0.69,26.80%,6.20%,20.60%,0.156,0.77,0.194,82.40%,51,69,87,2.08,2.9,-0.83,3.64,3.14
554,Erik Sabrowski,CLE,14.37,5.66,2.54,0.65,37.70%,14.90%,22.90%,0.169,1.23,0.278,75.30%,68,69,89,2.83,2.81,0.03,3.69,3.14
555,Erik Miller,2 Tms,13.4,5.4,2.48,0.6,34.70%,14.00%,20.70%,0.19,1.29,0.301,86.30%,54,73,70,2.2,2.98,-0.78,2.96,3.13
556,Jacob deGrom,TEX,10.93,2.39,4.58,1.19,29.90%,6.50%,23.40%,0.224,1.12,0.293,72.70%,97,77,75,3.96,3.19,0.77,3.11,3.12
557,Bradgley Rodriguez,SDP,9.66,2.56,3.78,0.43,26.20%,6.90%,19.20%,0.207,1.07,0.275,73.70%,50,58,80,1.99,2.42,-0.43,3.35,3.12
558,Ian Seymour,TBR,10.96,2.54,4.31,1.59,29.40%,6.80%,22.60%,0.224,1.14,0.279,72.40%,100,93,83,4.21,3.91,0.3,3.46,3.11
559,Jesús Luzardo,PHI,11.09,2.71,4.1,0.8,30.00%,7.30%,22.70%,0.219,1.12,0.301,75.40%,70,66,70,3.02,2.86,0.16,2.96,3.1
560,Tyler Zuber,MIA,9.82,2.18,4.5,1.91,25.20%,5.60%,19.60%,0.278,1.36,0.333,78.00%,104,109,84,4.36,4.58,-0.22,3.51,3.08
561,Logan Henderson,MIL,10.04,1.51,6.64,1.3,30.00%,4.50%,25.50%,0.176,0.79,0.211,87.60%,60,78,78,2.48,3.28,-0.79,3.28,3.08
562,Juan Morillo,ARI,10.38,3.36,3.1,0.32,28.50%,9.20%,19.30%,0.186,1.05,0.263,79.40%,50,62,76,2.08,2.53,-0.45,3.22,3.08
563,Tyler Ferguson,2 Tms,10.13,1.93,5.25,2.89,26.90%,5.10%,21.80%,0.211,1.02,0.205,80.90%,126,147,97,5.3,6.15,-0.85,4.07,3.07
564,Jacob Latz,TEX,9.96,2.89,3.45,0.58,29.70%,8.60%,21.10%,0.132,0.77,0.173,77.80%,46,64,83,1.88,2.68,-0.8,3.44,3.04
565,Tyler Glasnow,LAD,10.92,2.65,4.12,0.78,32.00%,7.80%,24.20%,0.168,0.88,0.228,70.50%,75,62,70,3.12,2.68,0.44,2.94,3.02
566,Jack Dreyer,LAD,10.7,3.2,3.35,1.12,29.60%,8.80%,20.80%,0.195,1.07,0.252,84.00%,69,80,78,2.88,3.45,-0.57,3.28,3.01
567,Dedniel Núñez,NYM,8.49,0,11,2.31,23.40%,0.00%,23.40%,0.277,1.11,0.303,56.80%,113,109,84,4.63,4.55,0.08,3.54,3
568,Anthony Bender,MIA,10.75,3.15,3.42,0.26,29.30%,8.60%,20.70%,0.168,0.96,0.241,75.10%,62,57,80,2.62,2.4,0.22,3.38,3
569,Will Dion,2 Tms,10.13,2.41,4.2,1.45,28.40%,6.80%,21.60%,0.234,1.13,0.292,72.30%,81,92,82,3.38,3.82,-0.44,3.43,3
570,Dylan Cease,TOR,12.72,3.74,3.4,0.58,35.50%,10.50%,25.10%,0.175,1.04,0.269,80.10%,54,57,67,2.25,2.4,-0.16,2.76,2.99
571,Tyron Guerrero,BOS,8.38,1.63,5.14,0.47,22.60%,4.40%,18.20%,0.247,1.14,0.313,64.80%,76,63,77,3.26,2.6,0.65,3.18,2.99
572,Luis Gastelum,STL,11.06,3.25,3.4,1.63,29.80%,8.80%,21.10%,0.233,1.23,0.297,57.10%,119,101,73,4.88,4.18,0.7,3.08,2.98
573,Aaron Ashby,MIL,12.42,4.33,2.87,0.8,31.90%,11.10%,20.80%,0.228,1.35,0.333,76.60%,77,72,69,3.19,3.01,0.18,2.9,2.96
574,Cam Schlittler,NYY,11.01,2.2,5,0.79,31.00%,6.20%,24.80%,0.189,0.94,0.257,82.90%,49,62,69,2.04,2.62,-0.58,2.87,2.93
575,Aroldis Chapman,BOS,11.9,3.78,3.15,0.57,32.00%,10.20%,21.80%,0.193,1.13,0.282,82.70%,48,63,74,2.08,2.59,-0.52,3.07,2.93
576,Trevor Williams,2 Tms,11.64,3.26,3.57,1.4,29.80%,8.30%,21.40%,0.253,1.34,0.34,84.00%,89,92,77,3.72,3.92,-0.2,3.23,2.92
577,Garrett Acton,MIN,10.97,2.53,4.33,0,28.90%,6.70%,22.20%,0.2,1.03,0.296,53.80%,61,50,94,2.53,2.06,0.47,3.9,2.91
578,Gavin Williams,CLE,11.98,2.76,4.34,1.49,33.00%,7.60%,25.40%,0.212,1.09,0.281,75.60%,92,88,67,3.81,3.58,0.23,2.8,2.89
579,David Bednar,NYY,10.13,2.64,3.83,0.44,27.70%,7.20%,20.50%,0.197,1.03,0.268,70.70%,63,58,73,2.64,2.46,0.18,3.03,2.89
580,Yennier Cano,BAL,8.26,2.01,4.1,0.4,22.30%,5.40%,16.80%,0.216,1.05,0.273,65.70%,79,66,77,3.22,2.71,0.51,3.21,2.88
581,Cristopher Sánchez,PHI,10.27,2.08,4.93,0.69,27.50%,5.60%,21.90%,0.248,1.2,0.333,81.00%,60,60,61,2.58,2.59,-0.01,2.56,2.86
582,Trevor Megill,MIL,10.27,2.32,4.43,0,29.50%,6.70%,22.90%,0.159,0.83,0.233,67.40%,52,39,80,2.15,1.64,0.51,3.36,2.85
583,Cam Booser,TBR,10.13,1.56,6.5,1.3,29.50%,4.50%,25.00%,0.19,0.87,0.232,87.00%,56,77,82,2.34,3.24,-0.9,3.41,2.85
584,Nick Pivetta,SDP,13.5,3.38,4,0,36.40%,9.10%,27.30%,0.2,1.13,0.333,55.60%,113,29,76,4.5,1.22,3.28,3.2,2.85
585,Chris Sale,ATL,11.04,1.74,6.34,0.54,30.60%,4.80%,25.80%,0.218,1.01,0.309,81.90%,50,55,67,2.1,2.26,-0.16,2.81,2.81
586,Tayler Saucedo,LAA,10.34,1.72,6,0.57,28.60%,4.80%,23.80%,0.237,1.09,0.325,72.30%,83,58,86,3.45,2.39,1.05,3.58,2.79
587,Brent Headrick,NYY,11.23,2.65,4.24,0.5,30.40%,7.20%,23.20%,0.228,1.16,0.324,86.60%,45,52,74,1.89,2.21,-0.32,3.07,2.78
588,Tarik Skubal,2 Tms,10.81,1.5,7.23,0.82,30.50%,4.20%,26.30%,0.219,0.98,0.297,75.30%,68,59,63,2.86,2.48,0.37,2.64,2.77
589,Justin Slaten,BOS,11.2,2.3,4.88,1.15,28.50%,5.80%,22.60%,0.271,1.37,0.36,61.50%,107,73,68,4.6,3.03,1.56,2.82,2.77
590,Didier Fuentes,ATL,11.37,2.7,4.21,0.57,31.10%,7.40%,23.70%,0.212,1.09,0.303,84.10%,54,58,71,2.27,2.39,-0.11,2.99,2.72
591,Kevin Kelly,TBR,7.09,1.5,4.73,0.82,21.10%,4.50%,16.70%,0.194,0.85,0.224,81.00%,52,80,70,2.18,3.34,-1.16,2.89,2.71
592,Grant Taylor,CHW,11.59,3.08,3.76,0.62,32.30%,8.60%,23.70%,0.192,1.04,0.277,77.10%,50,59,69,2.1,2.48,-0.38,2.85,2.7
593,Trent Harris,SFG,12.21,3.86,3.17,0,32.20%,10.20%,22.00%,0.208,1.21,0.324,70.60%,79,41,60,3.21,1.67,1.55,2.53,2.68
594,Nate Lavender,NYM,9.95,2.13,4.67,0,31.80%,6.80%,25.00%,0.122,0.63,0.185,100.00%,0,38,78,0,1.6,-1.6,3.26,2.64
595,Dylan Lee,ATL,10.92,2.21,4.93,0.44,31.40%,6.40%,25.00%,0.181,0.9,0.257,68.90%,64,49,73,2.66,2.05,0.61,3.06,2.64
596,Jeff Hoffman,2 Tms,13.88,3.81,3.64,0.61,34.30%,9.40%,24.90%,0.244,1.39,0.381,68.00%,92,59,67,3.81,2.47,1.35,2.79,2.59
597,Garrett Whitlock,BOS,9.96,1.34,7.43,0.57,29.40%,4.00%,25.40%,0.194,0.85,0.261,78.20%,45,52,69,1.91,2.16,-0.24,2.87,2.55
598,Jonathan Bowlan,PHI,11.38,2.38,4.79,1.19,31.60%,6.60%,25.00%,0.195,0.98,0.256,77.40%,71,75,67,3.06,3.25,-0.19,2.81,2.51
599,Tanner Scott,LAD,10.99,1.88,5.83,0.63,31.30%,5.40%,25.90%,0.209,0.98,0.292,77.80%,64,52,66,2.67,2.24,0.43,2.78,2.48
600,Adrian Morejon,SDP,11.06,2.74,4.04,0.48,30.00%,7.40%,22.60%,0.206,1.07,0.292,73.40%,68,58,61,2.74,2.43,0.3,2.56,2.47
601,Cade Smith,CLE,12.77,3.05,4.19,0.73,34.50%,8.20%,26.30%,0.199,1.08,0.297,79.40%,56,60,69,2.32,2.47,-0.14,2.85,2.46
602,Samy Natera Jr.,LAA,14.13,3.77,3.75,0.31,38.80%,10.30%,28.40%,0.167,1.01,0.286,77.70%,61,46,75,2.51,1.87,0.64,3.1,2.44
603,Louis Varland,TOR,11.08,2.42,4.58,0.25,31.60%,6.90%,24.70%,0.195,0.98,0.287,77.00%,28,43,57,1.15,1.81,-0.66,2.38,2.37
604,Jacob Misiorowski,MIL,13.18,2.26,5.82,0.81,38.30%,6.60%,31.80%,0.154,0.79,0.231,80.10%,48,54,53,1.97,2.27,-0.3,2.25,2.29
605,Mason Montgomery,PIT,13.96,3.38,4.14,0.77,38.10%,9.20%,28.90%,0.185,1.06,0.292,76.80%,68,54,51,2.91,2.28,0.64,2.15,2.23
606,Andrés Muñoz,SEA,14.38,3.51,4.1,1.23,38.30%,9.30%,29.00%,0.207,1.17,0.317,68.40%,108,73,52,4.21,2.9,1.31,2.16,2.22
607,Drew Sommers,DET,14.24,3.56,4,0.89,37.20%,9.30%,27.90%,0.235,1.29,0.375,67.90%,99,62,51,4.15,2.6,1.55,2.11,2.2
608,Brandyn Garcia,ARI,10.93,2.14,5.1,0.43,32.10%,6.30%,25.80%,0.16,0.79,0.231,76.70%,51,57,62,2.14,2.36,-0.21,2.6,2.2
609,Josh Hader,HOU,12.13,2.52,4.82,0.23,37.10%,7.70%,29.40%,0.106,0.64,0.167,93.20%,17,38,64,0.69,1.57,-0.88,2.66,2.18
610,Jhoan Duran,PHI,12.27,1.58,7.78,0.18,34.00%,4.40%,29.60%,0.228,1.03,0.352,82.70%,36,32,43,1.58,1.38,0.2,1.8,1.7
611,Mason Miller,SDP,16.38,3.03,5.4,0.3,48.00%,8.90%,39.10%,0.143,0.83,0.29,83.00%,30,24,34,1.21,1.01,0.21,1.46,1.43